"channel_from","channel_to","transition_probability"
"(start)","1",0.00395256916996047
"(start)","10",0.00592885375494071
"(start)","18",0.00494071146245059
"(start)","24",0.000988142292490119
"(start)","26",0.000988142292490119
"(start)","28",0.00395256916996047
"(start)","34",0.000988142292490119
"(start)","36",0.000988142292490119
"(start)","41",0.000988142292490119
"(start)","44",0.00494071146245059
"(start)","51",0.00197628458498024
"(start)","54",0.00691699604743083
"(start)","62",0.000988142292490119
"(start)","64",0.00790513833992095
"(start)","73",0.00494071146245059
"(start)","79",0.000988142292490119
"(start)","81",0.00197628458498024
"(start)","84",0.00395256916996047
"(start)","89",0.00197628458498024
"(start)","92",0.000988142292490119
"(start)","94",0.00197628458498024
"(start)","97",0.000988142292490119
"(start)","99",0.000988142292490119
"(start)","101",0.000988142292490119
"(start)","103",0.000988142292490119
"(start)","105",0.000988142292490119
"(start)","107",0.000988142292490119
"(start)","109",0.000988142292490119
"(start)","111",0.000988142292490119
"(start)","113",0.00494071146245059
"(start)","119",0.000988142292490119
"(start)","121",0.000988142292490119
"(start)","123",0.000988142292490119
"(start)","125",0.00296442687747036
"(start)","129",0.000988142292490119
"(start)","131",0.00197628458498024
"(start)","134",0.0237154150197628
"(start)","157",0.000988142292490119
"(start)","159",0.000988142292490119
"(start)","161",0.00296442687747036
"(start)","165",0.000988142292490119
"(start)","167",0.000988142292490119
"(start)","169",0.00197628458498024
"(start)","172",0.00395256916996047
"(start)","177",0.00197628458498024
"(start)","181",0.00197628458498024
"(start)","184",0.000988142292490119
"(start)","186",0.000988142292490119
"(start)","188",0.00296442687747036
"(start)","192",0.000988142292490119
"(start)","194",0.00296442687747036
"(start)","198",0.000988142292490119
"(start)","200",0.000988142292490119
"(start)","202",0.00889328063241107
"(start)","212",0.000988142292490119
"(start)","214",0.000988142292490119
"(start)","216",0.00296442687747036
"(start)","220",0.00889328063241107
"(start)","230",0.00197628458498024
"(start)","233",0.00592885375494071
"(start)","240",0.000988142292490119
"(start)","242",0.00197628458498024
"(start)","245",0.000988142292490119
"(start)","247",0.0306324110671937
"(start)","276",0.00197628458498024
"(start)","279",0.00296442687747036
"(start)","283",0.000988142292490119
"(start)","285",0.000988142292490119
"(start)","287",0.000988142292490119
"(start)","289",0.000988142292490119
"(start)","291",0.00197628458498024
"(start)","294",0.000988142292490119
"(start)","296",0.000988142292490119
"(start)","298",0.000988142292490119
"(start)","300",0.000988142292490119
"(start)","302",0.000988142292490119
"(start)","304",0.00197628458498024
"(start)","307",0.000988142292490119
"(start)","309",0.00197628458498024
"(start)","312",0.000988142292490119
"(start)","315",0.000988142292490119
"(start)","317",0.00197628458498024
"(start)","320",0.00296442687747036
"(start)","324",0.000988142292490119
"(start)","326",0.000988142292490119
"(start)","328",0.000988142292490119
"(start)","330",0.0128458498023715
"(start)","344",0.000988142292490119
"(start)","346",0.000988142292490119
"(start)","348",0.00395256916996047
"(start)","353",0.000988142292490119
"(start)","355",0.000988142292490119
"(start)","357",0.000988142292490119
"(start)","359",0.000988142292490119
"(start)","361",0.00197628458498024
"(start)","364",0.00395256916996047
"(start)","369",0.000988142292490119
"(start)","371",0.00197628458498024
"(start)","374",0.000988142292490119
"(start)","376",0.00296442687747036
"(start)","380",0.0138339920948617
"(start)","395",0.00395256916996047
"(start)","400",0.000988142292490119
"(start)","402",0.000988142292490119
"(start)","404",0.00197628458498024
"(start)","407",0.00197628458498024
"(start)","410",0.000988142292490119
"(start)","412",0.00296442687747036
"(start)","416",0.000988142292490119
"(start)","418",0.00197628458498024
"(start)","421",0.00296442687747036
"(start)","425",0.00197628458498024
"(start)","428",0.00296442687747036
"(start)","432",0.000988142292490119
"(start)","434",0.000988142292490119
"(start)","436",0.000988142292490119
"(start)","438",0.00197628458498024
"(start)","441",0.000988142292490119
"(start)","443",0.00296442687747036
"(start)","447",0.0138339920948617
"(start)","462",0.00197628458498024
"(start)","465",0.00197628458498024
"(start)","468",0.00197628458498024
"(start)","471",0.00691699604743083
"(start)","479",0.00296442687747036
"(start)","483",0.00296442687747036
"(start)","487",0.00197628458498024
"(start)","490",0.000988142292490119
"(start)","492",0.00197628458498024
"(start)","495",0.00197628458498024
"(start)","498",0.00296442687747036
"(start)","502",0.000988142292490119
"(start)","504",0.00197628458498024
"(start)","507",0.000988142292490119
"(start)","509",0.00296442687747036
"(start)","513",0.000988142292490119
"(start)","515",0.00197628458498024
"(start)","518",0.000988142292490119
"(start)","520",0.00197628458498024
"(start)","523",0.000988142292490119
"(start)","525",0.000988142292490119
"(start)","527",0.000988142292490119
"(start)","529",0.00197628458498024
"(start)","532",0.00197628458498024
"(start)","535",0.00197628458498024
"(start)","538",0.00691699604743083
"(start)","546",0.00296442687747036
"(start)","550",0.00691699604743083
"(start)","557",0.000988142292490119
"(start)","559",0.00197628458498024
"(start)","562",0.000988142292490119
"(start)","564",0.000988142292490119
"(start)","566",0.00197628458498024
"(start)","569",0.000988142292490119
"(start)","571",0.000988142292490119
"(start)","573",0.00296442687747036
"(start)","577",0.000988142292490119
"(start)","579",0.00197628458498024
"(start)","582",0.000988142292490119
"(start)","584",0.00197628458498024
"(start)","587",0.00197628458498024
"(start)","590",0.00296442687747036
"(start)","594",0.000988142292490119
"(start)","596",0.000988142292490119
"(start)","598",0.00691699604743083
"(start)","606",0.000988142292490119
"(start)","608",0.00197628458498024
"(start)","611",0.00296442687747036
"(start)","615",0.000988142292490119
"(start)","617",0.000988142292490119
"(start)","619",0.00197628458498024
"(start)","622",0.00197628458498024
"(start)","625",0.000988142292490119
"(start)","627",0.00197628458498024
"(start)","630",0.000988142292490119
"(start)","632",0.00197628458498024
"(start)","635",0.000988142292490119
"(start)","637",0.000988142292490119
"(start)","639",0.00197628458498024
"(start)","642",0.00197628458498024
"(start)","645",0.000988142292490119
"(start)","647",0.000988142292490119
"(start)","649",0.000988142292490119
"(start)","651",0.00197628458498024
"(start)","654",0.000988142292490119
"(start)","656",0.000988142292490119
"(start)","658",0.000988142292490119
"(start)","660",0.00691699604743083
"(start)","668",0.00197628458498024
"(start)","671",0.00296442687747036
"(start)","675",0.000988142292490119
"(start)","677",0.000988142292490119
"(start)","679",0.00494071146245059
"(start)","685",0.000988142292490119
"(start)","687",0.000988142292490119
"(start)","689",0.000988142292490119
"(start)","691",0.000988142292490119
"(start)","693",0.00197628458498024
"(start)","696",0.000988142292490119
"(start)","698",0.00296442687747036
"(start)","702",0.00296442687747036
"(start)","706",0.000988142292490119
"(start)","708",0.00395256916996047
"(start)","713",0.00691699604743083
"(start)","721",0.000988142292490119
"(start)","723",0.000988142292490119
"(start)","725",0.000988142292490119
"(start)","727",0.000988142292490119
"(start)","729",0.000988142292490119
"(start)","731",0.00395256916996047
"(start)","736",0.000988142292490119
"(start)","738",0.000988142292490119
"(start)","740",0.000988142292490119
"(start)","742",0.000988142292490119
"(start)","744",0.00197628458498024
"(start)","747",0.00296442687747036
"(start)","751",0.00592885375494071
"(start)","758",0.00296442687747036
"(start)","762",0.000988142292490119
"(start)","764",0.00197628458498024
"(start)","767",0.00197628458498024
"(start)","770",0.00197628458498024
"(start)","773",0.00197628458498024
"(start)","776",0.00494071146245059
"(start)","782",0.00197628458498024
"(start)","785",0.000988142292490119
"(start)","787",0.00197628458498024
"(start)","790",0.00296442687747036
"(start)","794",0.00395256916996047
"(start)","799",0.00197628458498024
"(start)","802",0.00296442687747036
"(start)","806",0.00197628458498024
"(start)","809",0.00296442687747036
"(start)","813",0.000988142292490119
"(start)","815",0.00296442687747036
"(start)","819",0.000988142292490119
"(start)","821",0.00296442687747036
"(start)","825",0.000988142292490119
"(start)","827",0.000988142292490119
"(start)","829",0.00197628458498024
"(start)","832",0.000988142292490119
"(start)","834",0.00197628458498024
"(start)","836",0.000988142292490119
"(start)","838",0.000988142292490119
"(start)","840",0.00889328063241107
"(start)","849",0.00296442687747036
"(start)","853",0.000988142292490119
"(start)","855",0.00197628458498024
"(start)","858",0.00395256916996047
"(start)","863",0.000988142292490119
"(start)","865",0.000988142292490119
"(start)","867",0.00494071146245059
"(start)","873",0.00197628458498024
"(start)","876",0.00296442687747036
"(start)","880",0.00197628458498024
"(start)","883",0.000988142292490119
"(start)","885",0.000988142292490119
"(start)","887",0.00296442687747036
"(start)","891",0.00592885375494071
"(start)","898",0.000988142292490119
"(start)","900",0.00395256916996047
"(start)","905",0.000988142292490119
"(start)","907",0.000988142292490119
"(start)","909",0.00494071146245059
"(start)","915",0.0118577075098814
"(start)","928",0.00197628458498024
"(start)","931",0.00395256916996047
"(start)","936",0.000988142292490119
"(start)","938",0.00197628458498024
"(start)","941",0.00494071146245059
"(start)","947",0.00395256916996047
"(start)","952",0.000988142292490119
"(start)","954",0.00889328063241107
"(start)","962",0.000988142292490119
"(start)","964",0.00395256916996047
"(start)","969",0.00395256916996047
"(start)","974",0.000988142292490119
"(start)","976",0.00197628458498024
"(start)","979",0.000988142292490119
"(start)","981",0.00296442687747036
"(start)","985",0.000988142292490119
"(start)","988",0.000988142292490119
"(start)","990",0.000988142292490119
"(start)","992",0.000988142292490119
"(start)","994",0.000988142292490119
"(start)","996",0.000988142292490119
"(start)","998",0.00296442687747036
"(start)","1002",0.000988142292490119
"(start)","1004",0.00296442687747036
"(start)","1008",0.000988142292490119
"(start)","1010",0.00395256916996047
"(start)","1015",0.00296442687747036
"(start)","1019",0.000988142292490119
"(start)","1021",0.00197628458498024
"(start)","1024",0.000988142292490119
"(start)","1026",0.000988142292490119
"(start)","1028",0.00988142292490119
"(start)","1038",0.000988142292490119
"(start)","1040",0.000988142292490119
"(start)","1042",0.00197628458498024
"(start)","1045",0.00197628458498024
"(start)","1048",0.00197628458498024
"(start)","1051",0.00494071146245059
"(start)","1057",0.000988142292490119
"(start)","1059",0.000988142292490119
"(start)","1061",0.00790513833992095
"(start)","1070",0.00988142292490119
"(start)","1081",0.000988142292490119
"(start)","1083",0.00197628458498024
"(start)","1086",0.000988142292490119
"(start)","1088",0.000988142292490119
"(start)","1090",0.000988142292490119
"(start)","1092",0.000988142292490119
"(start)","1094",0.000988142292490119
"(start)","1096",0.000988142292490119
"(start)","1098",0.00395256916996047
"(start)","1103",0.000988142292490119
"(start)","1105",0.000988142292490119
"(start)","1107",0.00494071146245059
"(start)","1113",0.00197628458498024
"(start)","1116",0.000988142292490119
"(start)","1118",0.000988142292490119
"(start)","1120",0.00296442687747036
"(start)","1124",0.000988142292490119
"(start)","1126",0.000988142292490119
"(start)","1128",0.000988142292490119
"(start)","1130",0.00197628458498024
"(start)","1133",0.00197628458498024
"(start)","1136",0.00790513833992095
"(start)","1145",0.000988142292490119
"(start)","1147",0.00197628458498024
"(start)","1150",0.000988142292490119
"(start)","1152",0.000988142292490119
"(start)","1154",0.00296442687747036
"(start)","1158",0.00395256916996047
"(start)","1163",0.00197628458498024
"(start)","1166",0.0108695652173913
"(start)","1177",0.00296442687747036
"(start)","1181",0.000988142292490119
"(start)","1183",0.000988142292490119
"(start)","1185",0.00197628458498024
"(start)","1188",0.000988142292490119
"(start)","1190",0.00197628458498024
"(start)","1193",0.00691699604743083
"(start)","1201",0.000988142292490119
"(start)","1203",0.000988142292490119
"(start)","1205",0.000988142292490119
"(start)","1207",0.00395256916996047
"(start)","1212",0.000988142292490119
"(start)","1214",0.000988142292490119
"(start)","1216",0.00296442687747036
"(start)","1220",0.000988142292490119
"(start)","1222",0.00296442687747036
"(start)","1226",0.000988142292490119
"(start)","1228",0.000988142292490119
"(start)","1230",0.000988142292490119
"(start)","1232",0.00889328063241107
"(start)","1242",0.00296442687747036
"(start)","1246",0.00197628458498024
"(start)","1249",0.000988142292490119
"(start)","1251",0.000988142292490119
"(start)","1253",0.000988142292490119
"(start)","1255",0.000988142292490119
"(start)","1257",0.000988142292490119
"(start)","1259",0.000988142292490119
"(start)","1261",0.000988142292490119
"(start)","1263",0.0128458498023715
"(start)","1277",0.000988142292490119
"(start)","1279",0.00296442687747036
"(start)","1283",0.00494071146245059
"(start)","1289",0.00197628458498024
"(start)","1292",0.000988142292490119
"(start)","1294",0.000988142292490119
"(start)","1296",0.0138339920948617
"(start)","1311",0.00197628458498024
"(start)","1314",0.000988142292490119
"(start)","1316",0.00197628458498024
"(start)","1319",0.000988142292490119
"(start)","1321",0.00197628458498024
"(start)","1324",0.00494071146245059
"(start)","1330",0.000988142292490119
"(start)","1332",0.00197628458498024
"(start)","1335",0.00296442687747036
"(start)","1339",0.00197628458498024
"(start)","1342",0.000988142292490119
"(start)","1344",0.000988142292490119
"(start)","1346",0.000988142292490119
"(start)","1348",0.000988142292490119
"(start)","1350",0.000988142292490119
"(start)","1352",0.00494071146245059
"(start)","1358",0.00197628458498024
"(start)","1361",0.00395256916996047
"(start)","1366",0.00197628458498024
"(start)","1369",0.000988142292490119
"(start)","1371",0.00395256916996047
"(start)","1376",0.000988142292490119
"(start)","1378",0.000988142292490119
"(start)","1380",0.0128458498023715
"(start)","1394",0.00691699604743083
"(start)","1402",0.000988142292490119
"(start)","1404",0.000988142292490119
"(start)","1406",0.00296442687747036
"(start)","1410",0.00296442687747036
"(start)","1414",0.000988142292490119
"(start)","1416",0.000988142292490119
"(start)","1418",0.000988142292490119
"(start)","1420",0.000988142292490119
"1","2",0.25
"1","6",0.25
"1","8",0.25
"1","9",0.25
"2","3",1
"3","4",1
"4","5",0.122842639593909
"4","7",0.120812182741117
"4","12",0.279187817258883
"4","31",0.252791878172589
"4","46",0.224365482233503
"5","(conversion)",1
"6","3",1
"7","(conversion)",1
"8","3",1
"9","3",1
"10","11",0.166666666666667
"10","13",0.166666666666667
"10","14",0.166666666666667
"10","15",0.166666666666667
"10","16",0.166666666666667
"10","17",0.166666666666667
"11","3",1
"12","(conversion)",1
"13","3",1
"14","3",1
"15","3",1
"16","3",1
"17","3",1
"18","19",0.2
"18","20",0.2
"18","21",0.2
"18","22",0.2
"18","23",0.2
"19","3",1
"20","3",1
"21","3",1
"22","3",1
"23","3",1
"24","25",1
"25","3",1
"26","27",1
"27","3",1
"28","29",0.25
"28","30",0.25
"28","32",0.25
"28","33",0.25
"29","3",1
"30","3",1
"31","(conversion)",1
"32","3",1
"33","3",1
"34","35",1
"35","3",1
"36","37",1
"37","38",1
"38","39",1
"39","40",0.444444444444444
"39","43",0.037037037037037
"39","180",0.37037037037037
"39","314",0.111111111111111
"39","987",0.037037037037037
"40","12",0.333333333333333
"40","31",0.5
"40","46",0.166666666666667
"41","42",1
"42","38",1
"43","31",1
"44","45",0.2
"44","47",0.2
"44","48",0.2
"44","49",0.2
"44","50",0.2
"45","3",1
"46","(conversion)",1
"47","3",1
"48","3",1
"49","3",1
"50","3",1
"51","52",0.5
"51","53",0.5
"52","3",1
"53","3",1
"54","55",0.142857142857143
"54","56",0.142857142857143
"54","57",0.142857142857143
"54","58",0.142857142857143
"54","59",0.142857142857143
"54","60",0.142857142857143
"54","61",0.142857142857143
"55","3",1
"56","3",1
"57","3",1
"58","3",1
"59","3",1
"60","3",1
"61","3",1
"62","63",1
"63","3",1
"64","65",0.125
"64","66",0.125
"64","67",0.125
"64","68",0.125
"64","69",0.125
"64","70",0.125
"64","71",0.125
"64","72",0.125
"65","3",1
"66","3",1
"67","3",1
"68","3",1
"69","3",1
"70","3",1
"71","3",1
"72","3",1
"73","74",0.2
"73","75",0.2
"73","76",0.2
"73","77",0.2
"73","78",0.2
"74","3",1
"75","3",1
"76","3",1
"77","3",1
"78","3",1
"79","80",1
"80","3",1
"81","82",0.5
"81","83",0.5
"82","3",1
"83","3",1
"84","85",0.25
"84","86",0.25
"84","87",0.25
"84","88",0.25
"85","3",1
"86","3",1
"87","3",1
"88","3",1
"89","90",0.5
"89","91",0.5
"90","3",1
"91","3",1
"92","93",1
"93","3",1
"94","95",0.5
"94","96",0.5
"95","3",1
"96","3",1
"97","98",1
"98","3",1
"99","100",1
"100","3",1
"101","102",1
"102","3",1
"103","104",1
"104","3",1
"105","106",1
"106","3",1
"107","108",1
"108","3",1
"109","110",1
"110","3",1
"111","112",1
"112","3",1
"113","114",0.2
"113","115",0.2
"113","116",0.2
"113","117",0.2
"113","118",0.2
"114","3",1
"115","3",1
"116","3",1
"117","3",1
"118","3",1
"119","120",1
"120","3",1
"121","122",1
"122","3",1
"123","124",1
"124","3",1
"125","126",0.333333333333333
"125","127",0.333333333333333
"125","128",0.333333333333333
"126","3",1
"127","3",1
"128","3",1
"129","130",1
"130","38",1
"131","132",0.5
"131","133",0.5
"132","3",1
"133","3",1
"134","135",0.0416666666666667
"134","136",0.0416666666666667
"134","137",0.0416666666666667
"134","138",0.0416666666666667
"134","139",0.0416666666666667
"134","140",0.0833333333333333
"134","141",0.0833333333333333
"134","142",0.0416666666666667
"134","143",0.0416666666666667
"134","144",0.0416666666666667
"134","145",0.0416666666666667
"134","146",0.0416666666666667
"134","147",0.0416666666666667
"134","148",0.0416666666666667
"134","149",0.0416666666666667
"134","150",0.0416666666666667
"134","151",0.0416666666666667
"134","152",0.0416666666666667
"134","153",0.0416666666666667
"134","154",0.0416666666666667
"134","155",0.0416666666666667
"134","156",0.0416666666666667
"135","3",1
"136","3",1
"137","3",1
"138","3",1
"139","3",1
"140","3",1
"141","3",1
"142","3",1
"143","3",1
"144","3",1
"145","3",1
"146","3",1
"147","3",1
"148","3",1
"149","3",1
"150","3",1
"151","3",1
"152","3",1
"153","3",1
"154","3",1
"155","3",1
"156","38",1
"157","158",1
"158","3",1
"159","160",1
"160","3",1
"161","162",0.333333333333333
"161","163",0.333333333333333
"161","164",0.333333333333333
"162","3",1
"163","3",1
"164","3",1
"165","166",1
"166","3",1
"167","168",1
"168","3",1
"169","170",0.5
"169","171",0.5
"170","3",1
"171","3",1
"172","173",0.25
"172","174",0.25
"172","175",0.25
"172","176",0.25
"173","3",1
"174","3",1
"175","3",1
"176","3",1
"177","178",0.5
"177","179",0.5
"178","3",1
"179","38",1
"180","31",0.4
"180","46",0.2
"180","12",0.3
"180","5",0.1
"181","182",0.5
"181","183",0.5
"182","3",1
"183","3",1
"184","185",1
"185","3",1
"186","187",1
"187","3",1
"188","189",0.333333333333333
"188","190",0.333333333333333
"188","191",0.333333333333333
"189","3",1
"190","3",1
"191","3",1
"192","193",1
"193","3",1
"194","195",0.333333333333333
"194","196",0.333333333333333
"194","197",0.333333333333333
"195","3",1
"196","3",1
"197","3",1
"198","199",1
"199","3",1
"200","201",1
"201","3",1
"202","203",0.111111111111111
"202","204",0.111111111111111
"202","205",0.111111111111111
"202","206",0.111111111111111
"202","207",0.111111111111111
"202","208",0.111111111111111
"202","209",0.111111111111111
"202","210",0.111111111111111
"202","211",0.111111111111111
"203","3",1
"204","3",1
"205","3",1
"206","3",1
"207","3",1
"208","3",1
"209","3",1
"210","3",1
"211","3",1
"212","213",1
"213","3",1
"214","215",1
"215","3",1
"216","217",0.333333333333333
"216","218",0.333333333333333
"216","219",0.333333333333333
"217","3",1
"218","3",1
"219","38",1
"220","221",0.111111111111111
"220","222",0.111111111111111
"220","223",0.111111111111111
"220","224",0.111111111111111
"220","225",0.111111111111111
"220","226",0.111111111111111
"220","227",0.111111111111111
"220","228",0.111111111111111
"220","229",0.111111111111111
"221","3",1
"222","3",1
"223","3",1
"224","3",1
"225","3",1
"226","3",1
"227","3",1
"228","3",1
"229","3",1
"230","231",0.5
"230","232",0.5
"231","3",1
"232","3",1
"233","234",0.166666666666667
"233","235",0.166666666666667
"233","236",0.166666666666667
"233","237",0.166666666666667
"233","238",0.166666666666667
"233","239",0.166666666666667
"234","3",1
"235","3",1
"236","3",1
"237","3",1
"238","3",1
"239","3",1
"240","241",1
"241","3",1
"242","243",0.5
"242","244",0.5
"243","3",1
"244","3",1
"245","246",1
"246","3",1
"247","248",0.032258064516129
"247","249",0.032258064516129
"247","250",0.032258064516129
"247","251",0.032258064516129
"247","252",0.0645161290322581
"247","253",0.032258064516129
"247","254",0.0645161290322581
"247","255",0.032258064516129
"247","256",0.0645161290322581
"247","257",0.032258064516129
"247","258",0.032258064516129
"247","259",0.032258064516129
"247","260",0.032258064516129
"247","261",0.032258064516129
"247","262",0.032258064516129
"247","263",0.032258064516129
"247","264",0.032258064516129
"247","265",0.032258064516129
"247","266",0.032258064516129
"247","267",0.032258064516129
"247","268",0.032258064516129
"247","269",0.032258064516129
"247","270",0.032258064516129
"247","271",0.032258064516129
"247","272",0.032258064516129
"247","273",0.032258064516129
"247","274",0.032258064516129
"247","275",0.032258064516129
"248","3",1
"249","3",1
"250","3",1
"251","3",1
"252","3",1
"253","3",1
"254","3",1
"255","3",1
"256","3",1
"257","3",1
"258","3",1
"259","3",1
"260","3",1
"261","3",1
"262","3",1
"263","3",1
"264","3",1
"265","3",1
"266","3",1
"267","3",1
"268","3",1
"269","3",1
"270","3",1
"271","3",1
"272","3",1
"273","3",1
"274","3",1
"275","3",1
"276","277",0.5
"276","278",0.5
"277","3",1
"278","3",1
"279","280",0.333333333333333
"279","281",0.333333333333333
"279","282",0.333333333333333
"280","3",1
"281","3",1
"282","3",1
"283","284",1
"284","3",1
"285","286",1
"286","3",1
"287","288",1
"288","3",1
"289","290",1
"290","3",1
"291","292",0.5
"291","293",0.5
"292","3",1
"293","3",1
"294","295",1
"295","3",1
"296","297",1
"297","3",1
"298","299",1
"299","3",1
"300","301",1
"301","3",1
"302","303",1
"303","3",1
"304","305",0.5
"304","306",0.5
"305","3",1
"306","3",1
"307","308",1
"308","3",1
"309","310",0.5
"309","311",0.5
"310","3",1
"311","3",1
"312","313",1
"313","38",1
"314","46",0.333333333333333
"314","12",0.666666666666667
"315","316",1
"316","3",1
"317","318",0.5
"317","319",0.5
"318","3",1
"319","3",1
"320","321",0.333333333333333
"320","322",0.333333333333333
"320","323",0.333333333333333
"321","3",1
"322","3",1
"323","3",1
"324","325",1
"325","3",1
"326","327",1
"327","3",1
"328","329",1
"329","3",1
"330","331",0.0769230769230769
"330","332",0.0769230769230769
"330","333",0.0769230769230769
"330","334",0.0769230769230769
"330","335",0.0769230769230769
"330","336",0.0769230769230769
"330","337",0.0769230769230769
"330","338",0.0769230769230769
"330","339",0.0769230769230769
"330","340",0.0769230769230769
"330","341",0.0769230769230769
"330","342",0.0769230769230769
"330","343",0.0769230769230769
"331","3",1
"332","3",1
"333","3",1
"334","3",1
"335","3",1
"336","3",1
"337","3",1
"338","3",1
"339","3",1
"340","3",1
"341","3",1
"342","3",1
"343","3",1
"344","345",1
"345","3",1
"346","347",1
"347","3",1
"348","349",0.25
"348","350",0.25
"348","351",0.25
"348","352",0.25
"349","3",1
"350","3",1
"351","3",1
"352","3",1
"353","354",1
"354","3",1
"355","356",1
"356","3",1
"357","358",1
"358","3",1
"359","360",1
"360","3",1
"361","362",0.5
"361","363",0.5
"362","3",1
"363","3",1
"364","365",0.25
"364","366",0.25
"364","367",0.25
"364","368",0.25
"365","3",1
"366","3",1
"367","3",1
"368","3",1
"369","370",1
"370","3",1
"371","372",0.5
"371","373",0.5
"372","3",1
"373","3",1
"374","375",1
"375","3",1
"376","377",0.333333333333333
"376","378",0.333333333333333
"376","379",0.333333333333333
"377","3",1
"378","3",1
"379","3",1
"380","381",0.0714285714285714
"380","382",0.0714285714285714
"380","383",0.0714285714285714
"380","384",0.0714285714285714
"380","385",0.0714285714285714
"380","386",0.0714285714285714
"380","387",0.0714285714285714
"380","388",0.0714285714285714
"380","389",0.0714285714285714
"380","390",0.0714285714285714
"380","391",0.0714285714285714
"380","392",0.0714285714285714
"380","393",0.0714285714285714
"380","394",0.0714285714285714
"381","3",1
"382","3",1
"383","3",1
"384","3",1
"385","3",1
"386","3",1
"387","3",1
"388","3",1
"389","3",1
"390","3",1
"391","3",1
"392","3",1
"393","3",1
"394","3",1
"395","396",0.25
"395","397",0.25
"395","398",0.25
"395","399",0.25
"396","3",1
"397","3",1
"398","3",1
"399","3",1
"400","401",1
"401","3",1
"402","403",1
"403","3",1
"404","405",0.5
"404","406",0.5
"405","3",1
"406","3",1
"407","408",0.5
"407","409",0.5
"408","3",1
"409","3",1
"410","411",1
"411","3",1
"412","413",0.333333333333333
"412","414",0.333333333333333
"412","415",0.333333333333333
"413","3",1
"414","3",1
"415","3",1
"416","417",1
"417","3",1
"418","419",0.5
"418","420",0.5
"419","3",1
"420","3",1
"421","422",0.333333333333333
"421","423",0.333333333333333
"421","424",0.333333333333333
"422","3",1
"423","3",1
"424","3",1
"425","426",0.5
"425","427",0.5
"426","3",1
"427","3",1
"428","429",0.333333333333333
"428","430",0.333333333333333
"428","431",0.333333333333333
"429","3",1
"430","3",1
"431","3",1
"432","433",1
"433","3",1
"434","435",1
"435","3",1
"436","437",1
"437","3",1
"438","439",0.5
"438","440",0.5
"439","3",1
"440","3",1
"441","442",1
"442","3",1
"443","444",0.333333333333333
"443","445",0.333333333333333
"443","446",0.333333333333333
"444","3",1
"445","3",1
"446","3",1
"447","448",0.0714285714285714
"447","449",0.0714285714285714
"447","450",0.0714285714285714
"447","451",0.0714285714285714
"447","452",0.0714285714285714
"447","453",0.0714285714285714
"447","454",0.0714285714285714
"447","455",0.0714285714285714
"447","456",0.0714285714285714
"447","457",0.0714285714285714
"447","458",0.0714285714285714
"447","459",0.0714285714285714
"447","460",0.0714285714285714
"447","461",0.0714285714285714
"448","3",1
"449","3",1
"450","3",1
"451","3",1
"452","3",1
"453","3",1
"454","3",1
"455","3",1
"456","3",1
"457","3",1
"458","3",1
"459","3",1
"460","3",1
"461","3",1
"462","463",0.5
"462","464",0.5
"463","3",1
"464","3",1
"465","466",0.5
"465","467",0.5
"466","3",1
"467","3",1
"468","469",0.5
"468","470",0.5
"469","3",1
"470","3",1
"471","472",0.142857142857143
"471","473",0.142857142857143
"471","474",0.142857142857143
"471","475",0.142857142857143
"471","476",0.142857142857143
"471","477",0.142857142857143
"471","478",0.142857142857143
"472","3",1
"473","3",1
"474","3",1
"475","3",1
"476","3",1
"477","3",1
"478","3",1
"479","480",0.333333333333333
"479","481",0.333333333333333
"479","482",0.333333333333333
"480","3",1
"481","3",1
"482","3",1
"483","484",0.333333333333333
"483","485",0.333333333333333
"483","486",0.333333333333333
"484","3",1
"485","3",1
"486","3",1
"487","488",0.5
"487","489",0.5
"488","3",1
"489","3",1
"490","491",1
"491","38",1
"492","493",0.5
"492","494",0.5
"493","3",1
"494","3",1
"495","496",0.5
"495","497",0.5
"496","3",1
"497","3",1
"498","499",0.333333333333333
"498","500",0.333333333333333
"498","501",0.333333333333333
"499","3",1
"500","3",1
"501","3",1
"502","503",1
"503","3",1
"504","505",0.5
"504","506",0.5
"505","3",1
"506","3",1
"507","508",1
"508","38",1
"509","510",0.333333333333333
"509","511",0.333333333333333
"509","512",0.333333333333333
"510","3",1
"511","3",1
"512","3",1
"513","514",1
"514","3",1
"515","516",0.5
"515","517",0.5
"516","3",1
"517","3",1
"518","519",1
"519","3",1
"520","521",0.5
"520","522",0.5
"521","3",1
"522","3",1
"523","524",1
"524","3",1
"525","526",1
"526","3",1
"527","528",1
"528","3",1
"529","530",0.5
"529","531",0.5
"530","3",1
"531","3",1
"532","533",0.5
"532","534",0.5
"533","3",1
"534","3",1
"535","536",0.5
"535","537",0.5
"536","3",1
"537","3",1
"538","539",0.142857142857143
"538","540",0.142857142857143
"538","541",0.142857142857143
"538","542",0.142857142857143
"538","543",0.142857142857143
"538","544",0.142857142857143
"538","545",0.142857142857143
"539","3",1
"540","3",1
"541","3",1
"542","3",1
"543","3",1
"544","3",1
"545","3",1
"546","547",0.333333333333333
"546","548",0.333333333333333
"546","549",0.333333333333333
"547","3",1
"548","3",1
"549","3",1
"550","551",0.142857142857143
"550","552",0.142857142857143
"550","553",0.285714285714286
"550","554",0.142857142857143
"550","555",0.142857142857143
"550","556",0.142857142857143
"551","3",1
"552","3",1
"553","3",1
"554","3",1
"555","3",1
"556","3",1
"557","558",1
"558","3",1
"559","560",0.5
"559","561",0.5
"560","3",1
"561","3",1
"562","563",1
"563","3",1
"564","565",1
"565","3",1
"566","567",0.5
"566","568",0.5
"567","3",1
"568","3",1
"569","570",1
"570","3",1
"571","572",1
"572","3",1
"573","574",0.333333333333333
"573","575",0.333333333333333
"573","576",0.333333333333333
"574","3",1
"575","3",1
"576","3",1
"577","578",1
"578","3",1
"579","580",0.5
"579","581",0.5
"580","3",1
"581","3",1
"582","583",1
"583","3",1
"584","585",0.5
"584","586",0.5
"585","3",1
"586","3",1
"587","588",0.5
"587","589",0.5
"588","3",1
"589","3",1
"590","591",0.333333333333333
"590","592",0.333333333333333
"590","593",0.333333333333333
"591","3",1
"592","3",1
"593","3",1
"594","595",1
"595","3",1
"596","597",1
"597","3",1
"598","599",0.142857142857143
"598","600",0.142857142857143
"598","601",0.142857142857143
"598","602",0.142857142857143
"598","603",0.142857142857143
"598","604",0.142857142857143
"598","605",0.142857142857143
"599","3",1
"600","3",1
"601","3",1
"602","3",1
"603","3",1
"604","3",1
"605","3",1
"606","607",1
"607","38",1
"608","609",0.5
"608","610",0.5
"609","3",1
"610","3",1
"611","612",0.333333333333333
"611","613",0.333333333333333
"611","614",0.333333333333333
"612","3",1
"613","3",1
"614","3",1
"615","616",1
"616","3",1
"617","618",1
"618","3",1
"619","620",0.5
"619","621",0.5
"620","3",1
"621","3",1
"622","623",0.5
"622","624",0.5
"623","3",1
"624","3",1
"625","626",1
"626","3",1
"627","628",0.5
"627","629",0.5
"628","3",1
"629","3",1
"630","631",1
"631","3",1
"632","633",0.5
"632","634",0.5
"633","3",1
"634","3",1
"635","636",1
"636","3",1
"637","638",1
"638","3",1
"639","640",0.5
"639","641",0.5
"640","3",1
"641","3",1
"642","643",0.5
"642","644",0.5
"643","3",1
"644","3",1
"645","646",1
"646","3",1
"647","648",1
"648","3",1
"649","650",1
"650","3",1
"651","652",0.5
"651","653",0.5
"652","3",1
"653","3",1
"654","655",1
"655","3",1
"656","657",1
"657","3",1
"658","659",1
"659","3",1
"660","661",0.142857142857143
"660","662",0.142857142857143
"660","663",0.142857142857143
"660","664",0.142857142857143
"660","665",0.142857142857143
"660","666",0.142857142857143
"660","667",0.142857142857143
"661","3",1
"662","3",1
"663","3",1
"664","3",1
"665","3",1
"666","3",1
"667","3",1
"668","669",0.5
"668","670",0.5
"669","3",1
"670","38",1
"671","672",0.333333333333333
"671","673",0.333333333333333
"671","674",0.333333333333333
"672","3",1
"673","3",1
"674","3",1
"675","676",1
"676","3",1
"677","678",1
"678","3",1
"679","680",0.2
"679","681",0.2
"679","682",0.2
"679","683",0.2
"679","684",0.2
"680","3",1
"681","3",1
"682","3",1
"683","3",1
"684","3",1
"685","686",1
"686","3",1
"687","688",1
"688","3",1
"689","690",1
"690","3",1
"691","692",1
"692","3",1
"693","694",0.5
"693","695",0.5
"694","3",1
"695","3",1
"696","697",1
"697","3",1
"698","699",0.333333333333333
"698","700",0.333333333333333
"698","701",0.333333333333333
"699","3",1
"700","3",1
"701","3",1
"702","703",0.333333333333333
"702","704",0.333333333333333
"702","705",0.333333333333333
"703","3",1
"704","3",1
"705","3",1
"706","707",1
"707","38",1
"708","709",0.25
"708","710",0.25
"708","711",0.25
"708","712",0.25
"709","3",1
"710","3",1
"711","3",1
"712","3",1
"713","714",0.142857142857143
"713","715",0.142857142857143
"713","716",0.142857142857143
"713","717",0.142857142857143
"713","718",0.142857142857143
"713","719",0.142857142857143
"713","720",0.142857142857143
"714","3",1
"715","3",1
"716","3",1
"717","3",1
"718","3",1
"719","3",1
"720","3",1
"721","722",1
"722","3",1
"723","724",1
"724","3",1
"725","726",1
"726","3",1
"727","728",1
"728","3",1
"729","730",1
"730","3",1
"731","732",0.25
"731","733",0.25
"731","734",0.25
"731","735",0.25
"732","3",1
"733","3",1
"734","3",1
"735","3",1
"736","737",1
"737","3",1
"738","739",1
"739","3",1
"740","741",1
"741","3",1
"742","743",1
"743","3",1
"744","745",0.5
"744","746",0.5
"745","3",1
"746","3",1
"747","748",0.333333333333333
"747","749",0.333333333333333
"747","750",0.333333333333333
"748","3",1
"749","3",1
"750","3",1
"751","752",0.166666666666667
"751","753",0.166666666666667
"751","754",0.166666666666667
"751","755",0.166666666666667
"751","756",0.166666666666667
"751","757",0.166666666666667
"752","3",1
"753","3",1
"754","3",1
"755","3",1
"756","3",1
"757","3",1
"758","759",0.333333333333333
"758","760",0.333333333333333
"758","761",0.333333333333333
"759","3",1
"760","3",1
"761","3",1
"762","763",1
"763","3",1
"764","765",0.5
"764","766",0.5
"765","3",1
"766","3",1
"767","768",0.5
"767","769",0.5
"768","3",1
"769","3",1
"770","771",0.5
"770","772",0.5
"771","3",1
"772","3",1
"773","774",0.5
"773","775",0.5
"774","3",1
"775","3",1
"776","777",0.2
"776","778",0.2
"776","779",0.2
"776","780",0.2
"776","781",0.2
"777","3",1
"778","3",1
"779","3",1
"780","3",1
"781","3",1
"782","783",0.5
"782","784",0.5
"783","3",1
"784","3",1
"785","786",1
"786","3",1
"787","788",0.5
"787","789",0.5
"788","3",1
"789","3",1
"790","791",0.333333333333333
"790","792",0.333333333333333
"790","793",0.333333333333333
"791","3",1
"792","3",1
"793","3",1
"794","795",0.25
"794","796",0.25
"794","797",0.25
"794","798",0.25
"795","3",1
"796","3",1
"797","3",1
"798","3",1
"799","800",0.5
"799","801",0.5
"800","3",1
"801","3",1
"802","803",0.333333333333333
"802","804",0.333333333333333
"802","805",0.333333333333333
"803","3",1
"804","3",1
"805","3",1
"806","807",0.5
"806","808",0.5
"807","3",1
"808","3",1
"809","810",0.333333333333333
"809","811",0.333333333333333
"809","812",0.333333333333333
"810","3",1
"811","3",1
"812","3",1
"813","814",1
"814","3",1
"815","816",0.333333333333333
"815","817",0.333333333333333
"815","818",0.333333333333333
"816","3",1
"817","3",1
"818","3",1
"819","820",1
"820","3",1
"821","822",0.333333333333333
"821","823",0.333333333333333
"821","824",0.333333333333333
"822","3",1
"823","3",1
"824","3",1
"825","826",1
"826","3",1
"827","828",1
"828","3",1
"829","830",0.5
"829","831",0.5
"830","3",1
"831","3",1
"832","833",1
"833","3",1
"834","835",1
"835","3",1
"836","837",1
"837","3",1
"838","839",1
"839","3",1
"840","841",0.111111111111111
"840","842",0.111111111111111
"840","843",0.111111111111111
"840","844",0.111111111111111
"840","845",0.222222222222222
"840","846",0.111111111111111
"840","847",0.111111111111111
"840","848",0.111111111111111
"841","3",1
"842","3",1
"843","3",1
"844","3",1
"845","3",1
"846","3",1
"847","3",1
"848","3",1
"849","850",0.333333333333333
"849","851",0.333333333333333
"849","852",0.333333333333333
"850","3",1
"851","3",1
"852","3",1
"853","854",1
"854","38",1
"855","856",0.5
"855","857",0.5
"856","3",1
"857","3",1
"858","859",0.25
"858","860",0.25
"858","861",0.25
"858","862",0.25
"859","3",1
"860","3",1
"861","3",1
"862","3",1
"863","864",1
"864","3",1
"865","866",1
"866","3",1
"867","868",0.2
"867","869",0.2
"867","870",0.2
"867","871",0.2
"867","872",0.2
"868","3",1
"869","3",1
"870","3",1
"871","3",1
"872","3",1
"873","874",0.5
"873","875",0.5
"874","3",1
"875","3",1
"876","877",0.333333333333333
"876","878",0.333333333333333
"876","879",0.333333333333333
"877","3",1
"878","3",1
"879","38",1
"880","881",0.5
"880","882",0.5
"881","3",1
"882","3",1
"883","884",1
"884","38",1
"885","886",1
"886","3",1
"887","888",0.333333333333333
"887","889",0.333333333333333
"887","890",0.333333333333333
"888","3",1
"889","3",1
"890","3",1
"891","892",0.166666666666667
"891","893",0.166666666666667
"891","894",0.166666666666667
"891","895",0.166666666666667
"891","896",0.166666666666667
"891","897",0.166666666666667
"892","3",1
"893","3",1
"894","3",1
"895","3",1
"896","3",1
"897","38",1
"898","899",1
"899","3",1
"900","901",0.25
"900","902",0.25
"900","903",0.25
"900","904",0.25
"901","3",1
"902","3",1
"903","3",1
"904","3",1
"905","906",1
"906","3",1
"907","908",1
"908","3",1
"909","910",0.2
"909","911",0.2
"909","912",0.2
"909","913",0.2
"909","914",0.2
"910","3",1
"911","3",1
"912","3",1
"913","3",1
"914","3",1
"915","916",0.0833333333333333
"915","917",0.0833333333333333
"915","918",0.0833333333333333
"915","919",0.0833333333333333
"915","920",0.0833333333333333
"915","921",0.0833333333333333
"915","922",0.0833333333333333
"915","923",0.0833333333333333
"915","924",0.0833333333333333
"915","925",0.0833333333333333
"915","926",0.0833333333333333
"915","927",0.0833333333333333
"916","3",1
"917","3",1
"918","3",1
"919","3",1
"920","3",1
"921","3",1
"922","3",1
"923","3",1
"924","3",1
"925","3",1
"926","3",1
"927","3",1
"928","929",0.5
"928","930",0.5
"929","3",1
"930","3",1
"931","932",0.25
"931","933",0.25
"931","934",0.25
"931","935",0.25
"932","3",1
"933","3",1
"934","3",1
"935","3",1
"936","937",1
"937","3",1
"938","939",0.5
"938","940",0.5
"939","3",1
"940","3",1
"941","942",0.2
"941","943",0.2
"941","944",0.2
"941","945",0.2
"941","946",0.2
"942","3",1
"943","3",1
"944","3",1
"945","3",1
"946","3",1
"947","948",0.25
"947","949",0.25
"947","950",0.25
"947","951",0.25
"948","3",1
"949","3",1
"950","3",1
"951","38",1
"952","953",1
"953","3",1
"954","955",0.111111111111111
"954","956",0.111111111111111
"954","957",0.111111111111111
"954","958",0.111111111111111
"954","959",0.111111111111111
"954","960",0.333333333333333
"954","961",0.111111111111111
"955","3",1
"956","3",1
"957","3",1
"958","3",1
"959","3",1
"960","3",1
"961","3",1
"962","963",1
"963","3",1
"964","965",0.25
"964","966",0.25
"964","967",0.25
"964","968",0.25
"965","3",1
"966","3",1
"967","3",1
"968","3",1
"969","970",0.25
"969","971",0.25
"969","972",0.25
"969","973",0.25
"970","3",1
"971","3",1
"972","3",1
"973","3",1
"974","975",1
"975","38",1
"976","977",0.5
"976","978",0.5
"977","3",1
"978","3",1
"979","980",1
"980","3",1
"981","982",0.333333333333333
"981","983",0.333333333333333
"981","984",0.333333333333333
"982","3",1
"983","3",1
"984","3",1
"985","986",1
"986","38",1
"987","12",1
"988","989",1
"989","3",1
"990","991",1
"991","3",1
"992","993",1
"993","3",1
"994","995",1
"995","3",1
"996","997",1
"997","3",1
"998","999",0.333333333333333
"998","1000",0.333333333333333
"998","1001",0.333333333333333
"999","3",1
"1000","3",1
"1001","3",1
"1002","1003",1
"1003","3",1
"1004","1005",0.333333333333333
"1004","1006",0.333333333333333
"1004","1007",0.333333333333333
"1005","3",1
"1006","3",1
"1007","3",1
"1008","1009",1
"1009","3",1
"1010","1011",0.25
"1010","1012",0.25
"1010","1013",0.25
"1010","1014",0.25
"1011","3",1
"1012","3",1
"1013","3",1
"1014","38",1
"1015","1016",0.333333333333333
"1015","1017",0.333333333333333
"1015","1018",0.333333333333333
"1016","3",1
"1017","3",1
"1018","3",1
"1019","1020",1
"1020","3",1
"1021","1022",0.5
"1021","1023",0.5
"1022","3",1
"1023","3",1
"1024","1025",1
"1025","3",1
"1026","1027",1
"1027","3",1
"1028","1029",0.1
"1028","1030",0.1
"1028","1031",0.1
"1028","1032",0.2
"1028","1033",0.1
"1028","1034",0.1
"1028","1035",0.1
"1028","1036",0.1
"1028","1037",0.1
"1029","3",1
"1030","3",1
"1031","3",1
"1032","3",1
"1033","3",1
"1034","3",1
"1035","3",1
"1036","3",1
"1037","3",1
"1038","1039",1
"1039","3",1
"1040","1041",1
"1041","3",1
"1042","1043",0.5
"1042","1044",0.5
"1043","3",1
"1044","3",1
"1045","1046",0.5
"1045","1047",0.5
"1046","3",1
"1047","3",1
"1048","1049",0.5
"1048","1050",0.5
"1049","3",1
"1050","3",1
"1051","1052",0.2
"1051","1053",0.2
"1051","1054",0.2
"1051","1055",0.2
"1051","1056",0.2
"1052","3",1
"1053","3",1
"1054","3",1
"1055","3",1
"1056","3",1
"1057","1058",1
"1058","3",1
"1059","1060",1
"1060","3",1
"1061","1062",0.125
"1061","1063",0.125
"1061","1064",0.125
"1061","1065",0.125
"1061","1066",0.125
"1061","1067",0.125
"1061","1068",0.125
"1061","1069",0.125
"1062","3",1
"1063","3",1
"1064","3",1
"1065","3",1
"1066","3",1
"1067","3",1
"1068","3",1
"1069","3",1
"1070","1071",0.1
"1070","1072",0.1
"1070","1073",0.1
"1070","1074",0.1
"1070","1075",0.1
"1070","1076",0.1
"1070","1077",0.1
"1070","1078",0.1
"1070","1079",0.1
"1070","1080",0.1
"1071","3",1
"1072","3",1
"1073","3",1
"1074","3",1
"1075","3",1
"1076","3",1
"1077","3",1
"1078","3",1
"1079","3",1
"1080","3",1
"1081","1082",1
"1082","3",1
"1083","1084",0.5
"1083","1085",0.5
"1084","3",1
"1085","3",1
"1086","1087",1
"1087","3",1
"1088","1089",1
"1089","3",1
"1090","1091",1
"1091","3",1
"1092","1093",1
"1093","3",1
"1094","1095",1
"1095","3",1
"1096","1097",1
"1097","3",1
"1098","1099",0.25
"1098","1100",0.25
"1098","1101",0.25
"1098","1102",0.25
"1099","3",1
"1100","3",1
"1101","3",1
"1102","3",1
"1103","1104",1
"1104","3",1
"1105","1106",1
"1106","3",1
"1107","1108",0.2
"1107","1109",0.2
"1107","1110",0.2
"1107","1111",0.2
"1107","1112",0.2
"1108","3",1
"1109","3",1
"1110","3",1
"1111","3",1
"1112","3",1
"1113","1114",0.5
"1113","1115",0.5
"1114","3",1
"1115","3",1
"1116","1117",1
"1117","3",1
"1118","1119",1
"1119","3",1
"1120","1121",0.333333333333333
"1120","1122",0.333333333333333
"1120","1123",0.333333333333333
"1121","3",1
"1122","3",1
"1123","3",1
"1124","1125",1
"1125","3",1
"1126","1127",1
"1127","3",1
"1128","1129",1
"1129","3",1
"1130","1131",0.5
"1130","1132",0.5
"1131","3",1
"1132","3",1
"1133","1134",0.5
"1133","1135",0.5
"1134","3",1
"1135","3",1
"1136","1137",0.125
"1136","1138",0.125
"1136","1139",0.125
"1136","1140",0.125
"1136","1141",0.125
"1136","1142",0.125
"1136","1143",0.125
"1136","1144",0.125
"1137","3",1
"1138","3",1
"1139","3",1
"1140","3",1
"1141","3",1
"1142","3",1
"1143","3",1
"1144","3",1
"1145","1146",1
"1146","3",1
"1147","1148",0.5
"1147","1149",0.5
"1148","3",1
"1149","3",1
"1150","1151",1
"1151","3",1
"1152","1153",1
"1153","3",1
"1154","1155",0.333333333333333
"1154","1156",0.333333333333333
"1154","1157",0.333333333333333
"1155","3",1
"1156","3",1
"1157","3",1
"1158","1159",0.25
"1158","1160",0.25
"1158","1161",0.25
"1158","1162",0.25
"1159","3",1
"1160","3",1
"1161","3",1
"1162","3",1
"1163","1164",0.5
"1163","1165",0.5
"1164","3",1
"1165","3",1
"1166","1167",0.0909090909090909
"1166","1168",0.0909090909090909
"1166","1169",0.0909090909090909
"1166","1170",0.181818181818182
"1166","1171",0.0909090909090909
"1166","1172",0.0909090909090909
"1166","1173",0.0909090909090909
"1166","1174",0.0909090909090909
"1166","1175",0.0909090909090909
"1166","1176",0.0909090909090909
"1167","3",1
"1168","3",1
"1169","3",1
"1170","3",1
"1171","3",1
"1172","3",1
"1173","3",1
"1174","3",1
"1175","3",1
"1176","3",1
"1177","1178",0.333333333333333
"1177","1179",0.333333333333333
"1177","1180",0.333333333333333
"1178","3",1
"1179","3",1
"1180","3",1
"1181","1182",1
"1182","3",1
"1183","1184",1
"1184","3",1
"1185","1186",0.5
"1185","1187",0.5
"1186","3",1
"1187","3",1
"1188","1189",1
"1189","38",1
"1190","1191",0.5
"1190","1192",0.5
"1191","3",1
"1192","3",1
"1193","1194",0.142857142857143
"1193","1195",0.142857142857143
"1193","1196",0.142857142857143
"1193","1197",0.142857142857143
"1193","1198",0.142857142857143
"1193","1199",0.142857142857143
"1193","1200",0.142857142857143
"1194","3",1
"1195","3",1
"1196","3",1
"1197","3",1
"1198","3",1
"1199","3",1
"1200","3",1
"1201","1202",1
"1202","3",1
"1203","1204",1
"1204","3",1
"1205","1206",1
"1206","3",1
"1207","1208",0.25
"1207","1209",0.25
"1207","1210",0.25
"1207","1211",0.25
"1208","3",1
"1209","3",1
"1210","3",1
"1211","3",1
"1212","1213",1
"1213","3",1
"1214","1215",1
"1215","3",1
"1216","1217",0.333333333333333
"1216","1218",0.333333333333333
"1216","1219",0.333333333333333
"1217","3",1
"1218","3",1
"1219","3",1
"1220","1221",1
"1221","3",1
"1222","1223",0.333333333333333
"1222","1224",0.333333333333333
"1222","1225",0.333333333333333
"1223","3",1
"1224","3",1
"1225","3",1
"1226","1227",1
"1227","38",1
"1228","1229",1
"1229","38",1
"1230","1231",1
"1231","3",1
"1232","1233",0.111111111111111
"1232","1234",0.111111111111111
"1232","1235",0.111111111111111
"1232","1236",0.111111111111111
"1232","1237",0.111111111111111
"1232","1238",0.111111111111111
"1232","1239",0.111111111111111
"1232","1240",0.111111111111111
"1232","1241",0.111111111111111
"1233","3",1
"1234","3",1
"1235","3",1
"1236","3",1
"1237","3",1
"1238","3",1
"1239","3",1
"1240","3",1
"1241","3",1
"1242","1243",0.333333333333333
"1242","1244",0.333333333333333
"1242","1245",0.333333333333333
"1243","3",1
"1244","3",1
"1245","3",1
"1246","1247",0.5
"1246","1248",0.5
"1247","3",1
"1248","3",1
"1249","1250",1
"1250","3",1
"1251","1252",1
"1252","3",1
"1253","1254",1
"1254","3",1
"1255","1256",1
"1256","3",1
"1257","1258",1
"1258","38",1
"1259","1260",1
"1260","3",1
"1261","1262",1
"1262","3",1
"1263","1264",0.0769230769230769
"1263","1265",0.0769230769230769
"1263","1266",0.0769230769230769
"1263","1267",0.0769230769230769
"1263","1268",0.0769230769230769
"1263","1269",0.0769230769230769
"1263","1270",0.0769230769230769
"1263","1271",0.0769230769230769
"1263","1272",0.0769230769230769
"1263","1273",0.0769230769230769
"1263","1274",0.0769230769230769
"1263","1275",0.0769230769230769
"1263","1276",0.0769230769230769
"1264","3",1
"1265","3",1
"1266","3",1
"1267","3",1
"1268","3",1
"1269","3",1
"1270","3",1
"1271","3",1
"1272","3",1
"1273","3",1
"1274","3",1
"1275","3",1
"1276","38",1
"1277","1278",1
"1278","3",1
"1279","1280",0.333333333333333
"1279","1281",0.333333333333333
"1279","1282",0.333333333333333
"1280","3",1
"1281","3",1
"1282","3",1
"1283","1284",0.2
"1283","1285",0.2
"1283","1286",0.2
"1283","1287",0.2
"1283","1288",0.2
"1284","3",1
"1285","3",1
"1286","3",1
"1287","3",1
"1288","3",1
"1289","1290",0.5
"1289","1291",0.5
"1290","3",1
"1291","3",1
"1292","1293",1
"1293","3",1
"1294","1295",1
"1295","3",1
"1296","1297",0.0714285714285714
"1296","1298",0.0714285714285714
"1296","1299",0.0714285714285714
"1296","1300",0.0714285714285714
"1296","1301",0.0714285714285714
"1296","1302",0.0714285714285714
"1296","1303",0.0714285714285714
"1296","1304",0.0714285714285714
"1296","1305",0.0714285714285714
"1296","1306",0.0714285714285714
"1296","1307",0.0714285714285714
"1296","1308",0.0714285714285714
"1296","1309",0.0714285714285714
"1296","1310",0.0714285714285714
"1297","3",1
"1298","3",1
"1299","3",1
"1300","3",1
"1301","3",1
"1302","3",1
"1303","3",1
"1304","3",1
"1305","3",1
"1306","3",1
"1307","3",1
"1308","3",1
"1309","3",1
"1310","3",1
"1311","1312",0.5
"1311","1313",0.5
"1312","3",1
"1313","3",1
"1314","1315",1
"1315","3",1
"1316","1317",0.5
"1316","1318",0.5
"1317","3",1
"1318","3",1
"1319","1320",1
"1320","3",1
"1321","1322",0.5
"1321","1323",0.5
"1322","3",1
"1323","3",1
"1324","1325",0.2
"1324","1326",0.2
"1324","1327",0.2
"1324","1328",0.2
"1324","1329",0.2
"1325","3",1
"1326","3",1
"1327","3",1
"1328","3",1
"1329","38",1
"1330","1331",1
"1331","3",1
"1332","1333",0.5
"1332","1334",0.5
"1333","3",1
"1334","3",1
"1335","1336",0.333333333333333
"1335","1337",0.333333333333333
"1335","1338",0.333333333333333
"1336","3",1
"1337","3",1
"1338","3",1
"1339","1340",0.5
"1339","1341",0.5
"1340","3",1
"1341","3",1
"1342","1343",1
"1343","38",1
"1344","1345",1
"1345","3",1
"1346","1347",1
"1347","3",1
"1348","1349",1
"1349","3",1
"1350","1351",1
"1351","3",1
"1352","1353",0.2
"1352","1354",0.2
"1352","1355",0.2
"1352","1356",0.2
"1352","1357",0.2
"1353","3",1
"1354","3",1
"1355","3",1
"1356","3",1
"1357","3",1
"1358","1359",0.5
"1358","1360",0.5
"1359","3",1
"1360","3",1
"1361","1362",0.25
"1361","1363",0.25
"1361","1364",0.25
"1361","1365",0.25
"1362","3",1
"1363","3",1
"1364","3",1
"1365","3",1
"1366","1367",0.5
"1366","1368",0.5
"1367","3",1
"1368","3",1
"1369","1370",1
"1370","3",1
"1371","1372",0.25
"1371","1373",0.25
"1371","1374",0.25
"1371","1375",0.25
"1372","3",1
"1373","3",1
"1374","3",1
"1375","3",1
"1376","1377",1
"1377","3",1
"1378","1379",1
"1379","3",1
"1380","1381",0.0769230769230769
"1380","1382",0.0769230769230769
"1380","1383",0.0769230769230769
"1380","1384",0.0769230769230769
"1380","1385",0.0769230769230769
"1380","1386",0.0769230769230769
"1380","1387",0.0769230769230769
"1380","1388",0.0769230769230769
"1380","1389",0.0769230769230769
"1380","1390",0.0769230769230769
"1380","1391",0.0769230769230769
"1380","1392",0.0769230769230769
"1380","1393",0.0769230769230769
"1381","3",1
"1382","3",1
"1383","3",1
"1384","3",1
"1385","3",1
"1386","3",1
"1387","3",1
"1388","3",1
"1389","3",1
"1390","3",1
"1391","3",1
"1392","3",1
"1393","3",1
"1394","1395",0.142857142857143
"1394","1396",0.142857142857143
"1394","1397",0.142857142857143
"1394","1398",0.142857142857143
"1394","1399",0.142857142857143
"1394","1400",0.142857142857143
"1394","1401",0.142857142857143
"1395","3",1
"1396","3",1
"1397","3",1
"1398","3",1
"1399","3",1
"1400","3",1
"1401","3",1
"1402","1403",1
"1403","3",1
"1404","1405",1
"1405","3",1
"1406","1407",0.333333333333333
"1406","1408",0.333333333333333
"1406","1409",0.333333333333333
"1407","3",1
"1408","3",1
"1409","3",1
"1410","1411",0.333333333333333
"1410","1412",0.333333333333333
"1410","1413",0.333333333333333
"1411","3",1
"1412","3",1
"1413","3",1
"1414","1415",1
"1415","3",1
"1416","1417",1
"1417","3",1
"1418","1419",1
"1419","3",1
"1420","1421",1
"1421","3",1
