"channel_name","total_conversions","total_conversion_value"
"00000FkCnDfDDf0iC97iC703B",0.78922367954626,0.78922367954626
"2018-07-03T13:02:11Z",0.248826808058105,0.248826808058105
"impression",195.878600466109,195.878600466109
"0",195.878600466109,195.878600466109
"Instagram",24.4354031692398,24.4354031692398
"2018-07-17T19:15:07Z",0.193871194008462,0.193871194008462
"Online Display",23.5439009857678,23.5439009857678
"2018-07-24T15:51:46Z",0.157234117975367,0.157234117975367
"2018-07-29T07:44:51Z",0.189291559504325,0.189291559504325
"0000nACkD9nFkBBDECD3ki00E",1.06247520495976,1.06247520495976
"2018-07-03T09:44:57Z",0.195397738843175,0.195397738843175
"Paid Search",56.7050344302232,56.7050344302232
"2018-07-03T23:36:49Z",0.189291559504325,0.189291559504325
"2018-07-10T22:24:41Z",0.157234117975367,0.157234117975367
"2018-07-10T22:24:44Z",0.174026111157202,0.174026111157202
"2018-07-11T21:21:46Z",0.207610097520873,0.207610097520873
"2018-07-11T22:19:53Z",0.138915579958819,0.138915579958819
"0003EfE37E93D0BC03iBhBBhF",1.02125849442253,1.02125849442253
"2018-07-08T10:48:21Z",0.239667539049831,0.239667539049831
"2018-07-09T13:06:42Z",0.190818104339038,0.190818104339038
"2018-07-10T13:02:36Z",0.166393386983641,0.166393386983641
"2018-07-10T14:04:14Z",0.245773718388681,0.245773718388681
"2018-07-12T10:34:38Z",0.178605745661339,0.178605745661339
"00073CFE3FoFCn70fBhB3kfon",0.17249956632249,0.17249956632249
"2018-07-21T10:52:04Z",0.17249956632249,0.17249956632249
"00079hhBkDF3k3kDkiFi9EFAD",0.183185380165476,0.183185380165476
"2018-07-10T11:11:24Z",0.183185380165476,0.183185380165476
"0007iiAiFh3ifoo9Ehn3ABB0F",0.806015672728096,0.806015672728096
"2018-07-09T16:57:18Z",0.163340297314216,0.163340297314216
"2018-07-17T16:00:58Z",0.207610097520873,0.207610097520873
"Facebook",51.6475913928213,51.6475913928213
"2018-07-17T16:01:44Z",0.224402090702708,0.224402090702708
"2018-07-18T17:17:24Z",0.210663187190298,0.210663187190298
"0007o0nfoh9o79DDfD7DAiEnE",0.177079200826627,0.177079200826627
"2018-07-12T08:07:08Z",0.177079200826627,0.177079200826627
"0007oEBhnoF97AoEE3BCkFnhB",0.174026111157202,0.174026111157202
"2018-07-06T13:45:29Z",0.174026111157202,0.174026111157202
"conversion",5.4344996115758,5.4344996115758
"1",5.4344996115758,5.4344996115758
"6",2.6058120328539,2.6058120328539
"00090n9EBBEkA000C7Cik999D",0.245773718388681,0.245773718388681
"2018-07-05T06:53:53Z",0.245773718388681,0.245773718388681
"8",0.219822456198572,0.219822456198572
"000A9AfDohfiBAFB0FDf3kDEE",0.970882514877024,0.970882514877024
"2018-07-24T00:09:46Z",0.203030463016736,0.203030463016736
"Online Video",44.9811700996327,44.9811700996327
"2018-07-27T21:08:17Z",0.233561359710982,0.233561359710982
"2018-07-27T22:36:07Z",0.199977373347312,0.199977373347312
"2018-07-28T16:33:01Z",0.170973021487778,0.170973021487778
"2018-07-29T21:21:25Z",0.163340297314216,0.163340297314216
"000ADEAB7fBin9fEoFFnAohi9",0.386215843182212,0.386215843182212
"2018-07-12T13:05:27Z",0.163340297314216,0.163340297314216
"2018-07-17T07:22:43Z",0.222875545867996,0.222875545867996
"000Afi9i930kBkA9EhBDDi9B7",1.33572673037326,1.33572673037326
"2018-07-14T18:13:47Z",0.187765014669613,0.187765014669613
"2018-07-14T18:14:27Z",0.195397738843175,0.195397738843175
"2018-07-14T19:10:36Z",0.241194083884544,0.241194083884544
"2018-07-14T19:10:43Z",0.241194083884544,0.241194083884544
"2018-07-14T19:10:58Z",0.203030463016736,0.203030463016736
"2018-07-14T19:11:10Z",0.146548304132381,0.146548304132381
"2018-07-14T19:21:58Z",0.120597041942272,0.120597041942272
"000BA9hECi3BiBkAifAA7ifA7",0.17249956632249,0.17249956632249
"2018-07-28T15:40:33Z",0.17249956632249,0.17249956632249
"000C9BiBFhoFhC7noEFAA7no7",1.58913317293551,1.58913317293551
"2018-07-01T15:02:03Z",0.244247173553968,0.244247173553968
"2018-07-01T15:53:27Z",0.199977373347312,0.199977373347312
"2018-07-02T06:39:44Z",0.27172498057879,0.27172498057879
"2018-07-04T10:57:20Z",0.178605745661339,0.178605745661339
"2018-07-04T16:47:15Z",0.201503918182024,0.201503918182024
"2018-07-05T07:00:59Z",0.123650131611696,0.123650131611696
"2018-07-05T15:22:28Z",0.161813752479504,0.161813752479504
"2018-07-09T06:58:48Z",0.207610097520873,0.207610097520873
"000C9f9DnCfoDF03BnfFAEFFC",1.04873630144735,1.04873630144735
"2018-07-11T09:04:18Z",0.247300263223393,0.247300263223393
"2018-07-17T09:09:01Z",0.225928635537421,0.225928635537421
"2018-07-17T09:09:49Z",0.187765014669613,0.187765014669613
"2018-07-19T09:19:39Z",0.154181028305943,0.154181028305943
"2018-07-26T09:22:14Z",0.233561359710982,0.233561359710982
"000CBnkoBDkkfofFh3A3EBFDk",0.247300263223393,0.247300263223393
"2018-07-09T20:13:17Z",0.247300263223393,0.247300263223393
"000Ch3F0DnD0hBk9fFh3hAiki",0.337366408471419,0.337366408471419
"2018-07-21T17:08:12Z",0.170973021487778,0.170973021487778
"2018-07-29T11:03:21Z",0.166393386983641,0.166393386983641
"000ChDfhfD30FniFBAfo3D73C",0.691524810124673,0.691524810124673
"2018-07-12T11:58:15Z",0.157234117975367,0.157234117975367
"2018-07-12T11:58:28Z",0.155707573140655,0.155707573140655
"2018-07-30T08:04:27Z",0.174026111157202,0.174026111157202
"2018-07-30T08:04:37Z",0.204557007851448,0.204557007851448
"000Ck9AkfhnBE33ECoC030F0n",0.407587470868185,0.407587470868185
"2018-07-19T15:33:45Z",0.195397738843175,0.195397738843175
"2018-07-19T15:33:46Z",0.21218973202501,0.21218973202501
"000D9CBi0Bok9FFF0nAA0FCAi",0.213716276859722,0.213716276859722
"2018-07-11T09:39:26Z",0.213716276859722,0.213716276859722
"000DBnhEF0kF0ono0D0F3kCC0",0.436591822727718,0.436591822727718
"2018-07-14T07:14:39Z",0.221349001033284,0.221349001033284
"2018-07-14T07:14:55Z",0.215242821694435,0.215242821694435
"000DfAofCDDi30hhkfDok3o3B",0.196924283677887,0.196924283677887
"2018-07-03T22:55:13Z",0.196924283677887,0.196924283677887
"000E3n77koFkDC3CBAA7nEhnC",0.141968669628244,0.141968669628244
"2018-07-14T13:23:55Z",0.141968669628244,0.141968669628244
"000ECDfBnAAD0Diok7D9iEECh",0.180132290496052,0.180132290496052
"2018-07-02T11:56:55Z",0.180132290496052,0.180132290496052
"000EEBhoB9kfD73oAiA7AD0Dk",0.190818104339038,0.190818104339038
"2018-07-05T06:59:03Z",0.190818104339038,0.190818104339038
"000Ek3DkDn7AEn77BkiADEEAF",0.230508270041558,0.230508270041558
"2018-07-18T11:27:32Z",0.230508270041558,0.230508270041558
"000Eo7C3n93Dhf9AEn3FFoCAf",0.189291559504325,0.189291559504325
"2018-07-15T18:47:48Z",0.189291559504325,0.189291559504325
"000FDk9hFoDoBCnCkD9fDF3D3",0.213716276859722,0.213716276859722
"2018-07-15T10:43:43Z",0.213716276859722,0.213716276859722
"000Fh09B3BkknfnCCAFf9fCAA",0.204557007851448,0.204557007851448
"2018-07-07T16:30:26Z",0.204557007851448,0.204557007851448
"000f0nF77Afhf9ho7Aiff0Chh",1.02736467376138,1.02736467376138
"2018-07-07T18:24:55Z",0.215242821694435,0.215242821694435
"2018-07-07T21:16:47Z",0.233561359710982,0.233561359710982
"2018-07-14T20:31:43Z",0.170973021487778,0.170973021487778
"2018-07-20T18:16:03Z",0.19234464917375,0.19234464917375
"2018-07-20T18:19:24Z",0.215242821694435,0.215242821694435
"000fCfBEk7Ci39iDAn07A3inE",0.160287207644792,0.160287207644792
"2018-07-06T23:44:06Z",0.160287207644792,0.160287207644792
"000ffDFE0f7D9F0hCf37hDfBo",0.244247173553968,0.244247173553968
"2018-07-26T15:29:38Z",0.244247173553968,0.244247173553968
"000ffEnBE079A3B0f0oBi9khE",0.216769366529147,0.216769366529147
"2018-07-05T11:57:08Z",0.216769366529147,0.216769366529147
"000fhi3BhoFoECEkCECkB7iDk",0.642675375413879,0.642675375413879
"2018-07-04T09:28:23Z",0.164866842148929,0.164866842148929
"2018-07-04T09:30:09Z",0.27172498057879,0.27172498057879
"2018-07-09T13:14:23Z",0.206083552686161,0.206083552686161
"000h3n9nC0hFhE3CCnkkAof7n",0.207610097520873,0.207610097520873
"2018-07-19T14:31:57Z",0.207610097520873,0.207610097520873
"000hBihC9o30A9fi7BhFDnhn0",0.436591822727718,0.436591822727718
"2018-07-04T23:13:38Z",0.224402090702708,0.224402090702708
"2018-07-23T23:01:56Z",0.21218973202501,0.21218973202501
"000hCBnCB7oi7ADAEnEBCnBEE",4.71397044959159,4.71397044959159
"2018-07-07T14:34:54Z",0.221349001033284,0.221349001033284
"2018-07-07T14:35:22Z",0.21218973202501,0.21218973202501
"2018-07-13T20:21:34Z",0.228981725206845,0.228981725206845
"2018-07-13T20:29:35Z",0.180132290496052,0.180132290496052
"2018-07-14T17:08:19Z",0.196924283677887,0.196924283677887
"2018-07-16T13:31:54Z",0.386215843182212,0.386215843182212
"2018-07-16T13:32:19Z",0.366370760330953,0.366370760330953
"2018-07-16T13:32:21Z",0.244247173553968,0.244247173553968
"2018-07-16T13:32:23Z",0.199977373347312,0.199977373347312
"2018-07-18T09:52:44Z",0.199977373347312,0.199977373347312
"2018-07-18T09:52:46Z",0.167919931818353,0.167919931818353
"2018-07-21T10:40:24Z",0.238140994215119,0.238140994215119
"2018-07-21T13:05:55Z",0.161813752479504,0.161813752479504
"2018-07-21T13:06:10Z",0.195397738843175,0.195397738843175
"2018-07-21T19:47:06Z",0.193871194008462,0.193871194008462
"2018-07-22T13:15:06Z",0.145021759297669,0.145021759297669
"2018-07-23T19:35:51Z",0.186238469834901,0.186238469834901
"2018-07-24T09:50:23Z",0.149601393801806,0.149601393801806
"2018-07-24T13:30:57Z",0.241194083884544,0.241194083884544
"2018-07-24T13:30:58Z",0.221349001033284,0.221349001033284
"2018-07-25T11:15:14Z",0.199977373347312,0.199977373347312
"2018-07-25T11:15:16Z",0.177079200826627,0.177079200826627
"000honBFhkFk7i99Af70CBDDA",0.222875545867996,0.222875545867996
"2018-07-20T19:54:17Z",0.222875545867996,0.222875545867996
"000i03E3BDfh0hk9Ahn0f7oAD",0.190818104339038,0.190818104339038
"2018-07-10T12:46:42Z",0.190818104339038,0.190818104339038
"000iBADEfCkiok99f79ffAADh",0.59687903037251,0.59687903037251
"2018-07-12T17:18:15Z",0.210663187190298,0.210663187190298
"2018-07-12T18:35:32Z",0.209136642355585,0.209136642355585
"2018-07-17T16:14:09Z",0.177079200826627,0.177079200826627
"000iknF9no7B0nhhk9AEAFDDF",0.189291559504325,0.189291559504325
"2018-07-29T22:20:03Z",0.189291559504325,0.189291559504325
"000kBC7nCfAnfBonk7fCFD0hB",0.158760662810079,0.158760662810079
"2018-07-07T14:01:08Z",0.158760662810079,0.158760662810079
"000kFiECFDA030i9B37E9oCBi",0.451857271074841,0.451857271074841
"2018-07-19T15:37:36Z",0.206083552686161,0.206083552686161
"2018-07-22T14:21:26Z",0.245773718388681,0.245773718388681
"000kfo3A7h0B3FkCi999FA3FA",0.799909493389246,0.799909493389246
"2018-07-10T14:40:17Z",0.242720628719256,0.242720628719256
"2018-07-10T14:44:40Z",0.181658835330764,0.181658835330764
"2018-07-19T10:50:29Z",0.199977373347312,0.199977373347312
"2018-07-24T13:38:28Z",0.175552655991915,0.175552655991915
"000kiDB3D0fCfDAohCDB3ohko",0.383162753512788,0.383162753512788
"2018-07-15T19:17:09Z",0.206083552686161,0.206083552686161
"2018-07-26T16:16:21Z",0.177079200826627,0.177079200826627
"7",1.88680941570441,1.88680941570441
"000kofk7BkBAEhB7k9o9iEC00",0.369423850000377,0.369423850000377
"2018-07-30T11:05:07Z",0.201503918182024,0.201503918182024
"2018-07-30T11:05:09Z",0.167919931818353,0.167919931818353
"000n73fiCkA0oA3Fhhf9EFDf3",0.19234464917375,0.19234464917375
"2018-07-06T21:17:53Z",0.19234464917375,0.19234464917375
"000n7hAFhAfAE9Bi70fEnCBfh",0.167919931818353,0.167919931818353
"2018-07-20T08:03:50Z",0.167919931818353,0.167919931818353
"000nFCC0h0F9A9AhF7Aof3kEo",0.664047003099851,0.664047003099851
"2018-07-15T09:43:49Z",0.196924283677887,0.196924283677887
"2018-07-25T21:52:10Z",0.244247173553968,0.244247173553968
"2018-07-29T14:07:14Z",0.222875545867996,0.222875545867996
"000o3iC0nhBo7oAFk7Ck070kn",0.163340297314216,0.163340297314216
"2018-07-23T09:06:24Z",0.163340297314216,0.163340297314216
"000o9iFkno739k3no9CCCBC0F",0.670153182438701,0.670153182438701
"2018-07-15T11:39:17Z",0.195397738843175,0.195397738843175
"2018-07-15T11:40:21Z",0.198450828512599,0.198450828512599
"2018-07-15T11:40:31Z",0.276304615082927,0.276304615082927
"000oAi09F00D7kB9h9fifh7Fi",0.207610097520873,0.207610097520873
"2018-07-29T13:58:47Z",0.207610097520873,0.207610097520873
"0030DoC7kh039hf9noEnC3770",0.178605745661339,0.178605745661339
"2018-07-12T13:15:02Z",0.178605745661339,0.178605745661339
"0030F0fDEkoDBi3hE0hnfBBiC",1.7494203805803,1.7494203805803
"2018-07-01T16:11:38Z",0.190818104339038,0.190818104339038
"2018-07-07T08:19:30Z",0.206083552686161,0.206083552686161
"2018-07-11T12:42:00Z",0.206083552686161,0.206083552686161
"2018-07-11T12:42:47Z",0.181658835330764,0.181658835330764
"2018-07-13T08:10:13Z",0.141968669628244,0.141968669628244
"2018-07-20T09:17:40Z",0.239667539049831,0.239667539049831
"2018-07-21T20:27:53Z",0.183185380165476,0.183185380165476
"2018-07-22T06:42:13Z",0.221349001033284,0.221349001033284
"2018-07-26T08:00:16Z",0.178605745661339,0.178605745661339
"0030hifk3fE9fDiCAFD7BCfi0",0.174026111157202,0.174026111157202
"2018-07-10T19:12:49Z",0.174026111157202,0.174026111157202
"0033Akffn7C737ChCo9DnkoDo",0.215242821694435,0.215242821694435
"2018-07-09T14:51:08Z",0.215242821694435,0.215242821694435
"0033CAi9nhFf0DAA7DDCC3FAn",0.555662319835278,0.555662319835278
"2018-07-08T09:02:08Z",0.203030463016736,0.203030463016736
"2018-07-25T20:43:11Z",0.190818104339038,0.190818104339038
"2018-07-25T20:46:15Z",0.161813752479504,0.161813752479504
"0033oBiDhi0i3iFkD9kkBBih7",1.65782769049756,1.65782769049756
"2018-07-10T11:27:56Z",0.225928635537421,0.225928635537421
"2018-07-14T10:18:52Z",0.180132290496052,0.180132290496052
"2018-07-14T10:19:14Z",0.175552655991915,0.175552655991915
"2018-07-18T10:19:18Z",0.146548304132381,0.146548304132381
"2018-07-18T10:19:37Z",0.151127938636518,0.151127938636518
"2018-07-18T10:19:38Z",0.215242821694435,0.215242821694435
"2018-07-18T10:22:03Z",0.227455180372133,0.227455180372133
"2018-07-18T10:23:38Z",0.170973021487778,0.170973021487778
"2018-07-18T10:27:18Z",0.164866842148929,0.164866842148929
"0037773AB7kDkEBoCE9hFDonB",0.303782422107748,0.303782422107748
"2018-07-25T07:55:56Z",0.174026111157202,0.174026111157202
"2018-07-29T20:31:35Z",0.129756310950546,0.129756310950546
"0037D7FiF0kfkk0Ff7DDF7Eoh",1.22123586776984,1.22123586776984
"2018-07-08T10:58:12Z",0.190818104339038,0.190818104339038
"2018-07-09T10:15:14Z",0.259512621901091,0.259512621901091
"2018-07-09T10:15:16Z",0.157234117975367,0.157234117975367
"2018-07-17T12:39:46Z",0.23203481487627,0.23203481487627
"2018-07-17T17:26:00Z",0.213716276859722,0.213716276859722
"2018-07-17T18:57:59Z",0.167919931818353,0.167919931818353
"0037k0CoDkDEkABEBhkhnnEoh",0.207610097520873,0.207610097520873
"2018-07-08T18:25:27Z",0.207610097520873,0.207610097520873
"0037ko7739kCfDfoiEFfi0okh",0.366370760330953,0.366370760330953
"2018-07-08T12:55:28Z",0.203030463016736,0.203030463016736
"2018-07-08T12:55:52Z",0.163340297314216,0.163340297314216
"0037nhikok99kB0nkDniFh7Eh",0.164866842148929,0.164866842148929
"2018-07-29T18:38:38Z",0.164866842148929,0.164866842148929
"0037ok3iD0h3kkEDCB0nk9iko",6.16266149773356,6.16266149773356
"2018-07-02T10:06:40Z",0.169446476653066,0.169446476653066
"2018-07-04T08:34:33Z",0.270198435744077,0.270198435744077
"2018-07-05T09:05:36Z",0.245773718388681,0.245773718388681
"2018-07-05T15:51:57Z",0.169446476653066,0.169446476653066
"2018-07-11T11:54:56Z",0.436591822727718,0.436591822727718
"2018-07-11T11:54:57Z",0.178605745661339,0.178605745661339
"2018-07-11T11:55:46Z",0.352631856818542,0.352631856818542
"2018-07-11T11:55:47Z",0.183185380165476,0.183185380165476
"2018-07-11T11:55:49Z",0.36484421549624,0.36484421549624
"2018-07-11T11:56:07Z",0.201503918182024,0.201503918182024
"2018-07-12T09:16:05Z",0.216769366529147,0.216769366529147
"2018-07-12T09:16:06Z",0.195397738843175,0.195397738843175
"2018-07-12T11:04:19Z",0.180132290496052,0.180132290496052
"2018-07-16T10:35:10Z",0.248826808058105,0.248826808058105
"2018-07-16T10:38:12Z",0.146548304132381,0.146548304132381
"2018-07-18T09:56:08Z",0.181658835330764,0.181658835330764
"2018-07-19T08:27:34Z",0.157234117975367,0.157234117975367
"2018-07-19T08:37:04Z",0.196924283677887,0.196924283677887
"2018-07-19T08:38:15Z",0.221349001033284,0.221349001033284
"2018-07-22T08:59:14Z",0.169446476653066,0.169446476653066
"2018-07-22T09:14:28Z",0.149601393801806,0.149601393801806
"2018-07-22T09:14:36Z",0.210663187190298,0.210663187190298
"2018-07-22T09:14:37Z",0.245773718388681,0.245773718388681
"2018-07-22T09:14:53Z",0.233561359710982,0.233561359710982
"2018-07-22T09:15:08Z",0.193871194008462,0.193871194008462
"2018-07-22T15:32:11Z",0.224402090702708,0.224402090702708
"2018-07-29T15:04:11Z",0.209136642355585,0.209136642355585
"2018-07-29T15:04:56Z",0.209136642355585,0.209136642355585
"003990Dn9fAo0B0EkoAkoh7i3",0.390795477686349,0.390795477686349
"2018-07-03T13:03:58Z",0.204557007851448,0.204557007851448
"2018-07-17T08:37:03Z",0.186238469834901,0.186238469834901
"0039Bk0Dnn9ABnh7F37f3B9ff",0.599932120041935,0.599932120041935
"2018-07-06T18:14:48Z",0.241194083884544,0.241194083884544
"2018-07-27T13:34:14Z",0.184711925000189,0.184711925000189
"2018-07-27T13:40:37Z",0.174026111157202,0.174026111157202
"0039C7f0F70fh9ni0AiiBhkDo",0.203030463016736,0.203030463016736
"2018-07-22T08:32:29Z",0.203030463016736,0.203030463016736
"0039FiDn93nnhC7BBkh3hFn33",0.201503918182024,0.201503918182024
"2018-07-06T19:42:34Z",0.201503918182024,0.201503918182024
"0039hAEFAhA3BCB3oAAfi7hDo",0.170973021487778,0.170973021487778
"2018-07-08T09:14:06Z",0.170973021487778,0.170973021487778
"0039k3779iAhEDi9C9noAfohi",0.206083552686161,0.206083552686161
"2018-07-05T23:21:46Z",0.206083552686161,0.206083552686161
"003ACfff0knf73nhiFn9hfnni",0.413693650207034,0.413693650207034
"2018-07-22T12:56:38Z",0.170973021487778,0.170973021487778
"2018-07-22T12:57:59Z",0.242720628719256,0.242720628719256
"003Aif9oE7Bo3iCnDE9A0DnAo",0.213716276859722,0.213716276859722
"2018-07-27T16:02:10Z",0.213716276859722,0.213716276859722
"003B0Ao7A0ko9E3f7fo99iDAf",0.262565711570516,0.262565711570516
"2018-07-24T14:00:43Z",0.262565711570516,0.262565711570516
"003B309ifDDnBo77khE3ohEhA",0.245773718388681,0.245773718388681
"2018-07-26T12:28:50Z",0.245773718388681,0.245773718388681
"003BF9BEC977DA9o0C7EEoF7o",0.241194083884544,0.241194083884544
"2018-07-18T09:35:06Z",0.241194083884544,0.241194083884544
"003CCF0Fo3Ffhfn7nfhDoDhBA",0.184711925000189,0.184711925000189
"2018-07-21T17:04:44Z",0.184711925000189,0.184711925000189
"003CnEfCB9E39BFFn37okiho0",0.393848567355774,0.393848567355774
"2018-07-19T15:43:21Z",0.19234464917375,0.19234464917375
"2018-07-23T09:29:52Z",0.201503918182024,0.201503918182024
"003D9ofD9ioEkEk977DfiAki7",0.131282855785258,0.131282855785258
"2018-07-04T00:27:41Z",0.131282855785258,0.131282855785258
"003DAi9n0FAno77k339ih3E99",0.354158401653254,0.354158401653254
"2018-07-17T14:46:46Z",0.184711925000189,0.184711925000189
"2018-07-17T14:46:59Z",0.169446476653066,0.169446476653066
"003DDEfE3fnCo970C0oC7n30A",0.174026111157202,0.174026111157202
"2018-07-19T18:34:44Z",0.174026111157202,0.174026111157202
"5",0.519025243802183,0.519025243802183
"003DEAoDo39D7kEk97Ahnh709",0.244247173553968,0.244247173553968
"2018-07-28T08:51:35Z",0.244247173553968,0.244247173553968
"003DnB3FCFF7h7kF93EB0Bnnf",0.454910360744266,0.454910360744266
"2018-07-04T06:38:11Z",0.244247173553968,0.244247173553968
"2018-07-16T13:27:59Z",0.210663187190298,0.210663187190298
"003EE0D0iDBD9hFCfAnEEoAhf",0.671679727273413,0.671679727273413
"2018-07-08T05:39:41Z",0.209136642355585,0.209136642355585
"2018-07-08T05:40:04Z",0.233561359710982,0.233561359710982
"2018-07-23T01:00:29Z",0.228981725206845,0.228981725206845
"003EFBAEn7BEoii00A7fi9797",0.209136642355585,0.209136642355585
"2018-07-16T08:46:35Z",0.209136642355585,0.209136642355585
"003Ei33fBA0iD79E7hnkEoAC0",0.190818104339038,0.190818104339038
"2018-07-03T11:05:24Z",0.190818104339038,0.190818104339038
"003EifBEffnChkhDf9BiEEfoh",0.219822456198572,0.219822456198572
"2018-07-22T14:51:33Z",0.219822456198572,0.219822456198572
"003FBikADDh07DFhnffAFhFiC",2.50353352892818,2.50353352892818
"2018-07-06T20:07:16Z",0.178605745661339,0.178605745661339
"2018-07-07T09:34:06Z",0.198450828512599,0.198450828512599
"2018-07-07T11:06:46Z",0.215242821694435,0.215242821694435
"2018-07-07T15:34:38Z",0.207610097520873,0.207610097520873
"2018-07-07T20:22:25Z",0.198450828512599,0.198450828512599
"2018-07-07T20:22:28Z",0.161813752479504,0.161813752479504
"2018-07-15T20:15:47Z",0.164866842148929,0.164866842148929
"2018-07-15T20:15:58Z",0.180132290496052,0.180132290496052
"2018-07-19T15:17:30Z",0.261039166735804,0.261039166735804
"2018-07-21T13:39:52Z",0.174026111157202,0.174026111157202
"2018-07-24T12:49:21Z",0.186238469834901,0.186238469834901
"2018-07-26T12:36:32Z",0.178605745661339,0.178605745661339
"2018-07-29T13:21:06Z",0.198450828512599,0.198450828512599
"003FDfkFo9hiADD0iCohDEDoB",0.193871194008462,0.193871194008462
"2018-07-25T22:23:51Z",0.193871194008462,0.193871194008462
"003FfkFABioiFE930fi93hkCD",0.189291559504325,0.189291559504325
"2018-07-23T15:51:49Z",0.189291559504325,0.189291559504325
"003FiBChh7AiiiB7EiEBkEihF",0.71594952748007,0.71594952748007
"2018-07-20T01:10:27Z",0.201503918182024,0.201503918182024
"2018-07-20T01:11:05Z",0.169446476653066,0.169446476653066
"2018-07-28T11:25:36Z",0.178605745661339,0.178605745661339
"2018-07-28T11:26:06Z",0.166393386983641,0.166393386983641
"003FnD7i3fAnFFAho37o0knno",0.19234464917375,0.19234464917375
"2018-07-15T13:48:42Z",0.19234464917375,0.19234464917375
"003f0F9k3737BiFoBn33DnEi0",0.154181028305943,0.154181028305943
"2018-07-29T12:22:44Z",0.154181028305943,0.154181028305943
"003f0nhfn7kFB0AEoBh3CoCkk",0.209136642355585,0.209136642355585
"2018-07-04T13:38:54Z",0.209136642355585,0.209136642355585
"003fhDDko9Bkfn0iEf3EkEDEB",0.183185380165476,0.183185380165476
"2018-07-09T11:41:11Z",0.183185380165476,0.183185380165476
"003h0of0Bknh93nBk3EfAk0Bf",0.386215843182212,0.386215843182212
"2018-07-02T20:40:32Z",0.180132290496052,0.180132290496052
"2018-07-03T13:31:33Z",0.206083552686161,0.206083552686161
"003h797E7CD03nAfD3i0hF7nn",0.802962583058671,0.802962583058671
"2018-07-04T09:44:26Z",0.21218973202501,0.21218973202501
"2018-07-12T08:43:46Z",0.195397738843175,0.195397738843175
"2018-07-17T09:23:52Z",0.218295911363859,0.218295911363859
"2018-07-22T12:55:33Z",0.177079200826627,0.177079200826627
"003h9o0F90Fo7iE0CCEAfBoC3",0.19234464917375,0.19234464917375
"2018-07-01T15:19:37Z",0.19234464917375,0.19234464917375
"003hhiiCinfACA9i0AfEADoko",0.358738036157391,0.358738036157391
"2018-07-01T15:25:20Z",0.199977373347312,0.199977373347312
"2018-07-05T11:41:14Z",0.158760662810079,0.158760662810079
"003hiFAhBfFh0iBikFCf9iB7i",0.137389035124107,0.137389035124107
"2018-07-31T06:51:02Z",0.137389035124107,0.137389035124107
"003i090k9h3EhkA7A7iDoCh0E",0.595352485537798,0.595352485537798
"2018-07-04T23:39:12Z",0.245773718388681,0.245773718388681
"2018-07-20T21:24:07Z",0.189291559504325,0.189291559504325
"2018-07-26T18:03:12Z",0.160287207644792,0.160287207644792
"003iB9Bk33EA3nfAA9i73niki",2.89890864111866,2.89890864111866
"2018-07-05T23:36:57Z",0.181658835330764,0.181658835330764
"2018-07-08T09:53:40Z",0.215242821694435,0.215242821694435
"2018-07-08T09:54:12Z",0.207610097520873,0.207610097520873
"2018-07-12T13:17:18Z",0.195397738843175,0.195397738843175
"2018-07-12T13:20:03Z",0.19234464917375,0.19234464917375
"2018-07-14T18:38:04Z",0.218295911363859,0.218295911363859
"2018-07-17T10:42:27Z",0.23203481487627,0.23203481487627
"2018-07-17T17:46:28Z",0.175552655991915,0.175552655991915
"2018-07-20T10:44:24Z",0.262565711570516,0.262565711570516
"2018-07-21T00:29:47Z",0.204557007851448,0.204557007851448
"2018-07-21T00:30:18Z",0.175552655991915,0.175552655991915
"2018-07-23T11:58:30Z",0.222875545867996,0.222875545867996
"2018-07-28T19:57:30Z",0.198450828512599,0.198450828512599
"2018-07-31T08:58:27Z",0.216769366529147,0.216769366529147
"003iBfh0nnn33fi0kAEhkFEBA",0.641148830579167,0.641148830579167
"2018-07-09T18:05:11Z",0.17249956632249,0.17249956632249
"2018-07-13T17:56:22Z",0.160287207644792,0.160287207644792
"2018-07-16T13:46:43Z",0.140442124793532,0.140442124793532
"2018-07-20T18:13:43Z",0.167919931818353,0.167919931818353
"003iBh0CChn9EEoEffh3Fhh99",0.219822456198572,0.219822456198572
"2018-07-27T20:03:39Z",0.219822456198572,0.219822456198572
"003iE33noD0EC99nfBBF3CFC9",0.174026111157202,0.174026111157202
"2018-07-13T10:38:27Z",0.174026111157202,0.174026111157202
"003ihhD0B7E90Ak3EnAfhfFA0",0.401481291529335,0.401481291529335
"2018-07-14T20:21:00Z",0.17249956632249,0.17249956632249
"2018-07-14T20:21:21Z",0.228981725206845,0.228981725206845
"003ikFkiiEf0CEhkf90FFBB0i",0.42437946405002,0.42437946405002
"2018-07-16T10:05:33Z",0.209136642355585,0.209136642355585
"2018-07-18T14:28:09Z",0.215242821694435,0.215242821694435
"003in997kC3h37EACDkoinCff",0.151127938636518,0.151127938636518
"2018-07-07T18:21:41Z",0.151127938636518,0.151127938636518
"003kF9E3A9AB0FDonAEDhDnkC",0.679312451446974,0.679312451446974
"2018-07-04T10:08:45Z",0.224402090702708,0.224402090702708
"2018-07-15T10:24:04Z",0.23203481487627,0.23203481487627
"2018-07-15T10:28:18Z",0.222875545867996,0.222875545867996
"003kf3Dh0h0Ch79EBBEh3k97D",0.216769366529147,0.216769366529147
"2018-07-05T13:28:24Z",0.216769366529147,0.216769366529147
"003kkD9f9kh0n733hh3h07iF9",0.465596174587252,0.465596174587252
"2018-07-15T13:39:58Z",0.198450828512599,0.198450828512599
"2018-07-15T13:43:34Z",0.267145346074653,0.267145346074653
"003nA9kD0hD7F3fh9C33DnACo",0.566348133678264,0.566348133678264
"2018-07-02T09:26:07Z",0.206083552686161,0.206083552686161
"2018-07-04T09:15:39Z",0.151127938636518,0.151127938636518
"2018-07-10T08:55:47Z",0.209136642355585,0.209136642355585
"003nEE770kB9o9F9CBCBo9FAB",0.430485643388869,0.430485643388869
"2018-07-04T10:18:50Z",0.19234464917375,0.19234464917375
"2018-07-04T10:19:32Z",0.238140994215119,0.238140994215119
"003o7o773iFknEkf9CDi7nC9B",0.599932120041935,0.599932120041935
"2018-07-04T10:37:23Z",0.253406442562242,0.253406442562242
"2018-07-04T10:37:48Z",0.198450828512599,0.198450828512599
"2018-07-18T18:16:53Z",0.148074848967093,0.148074848967093
"003o9fDnifiFnDoB0ono7fCoC",0.216769366529147,0.216769366529147
"2018-07-30T10:33:05Z",0.216769366529147,0.216769366529147
"003oBEDkiDfikhDo9EohhC70F",0.140442124793532,0.140442124793532
"2018-07-02T10:14:50Z",0.140442124793532,0.140442124793532
"003oDEAf7fAiDkBDiDhC3i700",0.158760662810079,0.158760662810079
"2018-07-04T10:35:49Z",0.158760662810079,0.158760662810079
"007099ihnFoAFooFACfkC9DiA",0.357211491322679,0.357211491322679
"2018-07-25T09:47:43Z",0.17249956632249,0.17249956632249
"2018-07-25T09:52:24Z",0.184711925000189,0.184711925000189
"00733nn0EBAoo3nC97oo9iDAE",0.161813752479504,0.161813752479504
"2018-07-19T13:38:50Z",0.161813752479504,0.161813752479504
"00770o9hCAnDikohoCiFDnCoC",0.644201920248592,0.644201920248592
"2018-07-27T18:43:23Z",0.17249956632249,0.17249956632249
"2018-07-27T18:43:55Z",0.196924283677887,0.196924283677887
"2018-07-28T15:12:43Z",0.274778070248214,0.274778070248214
"00779nCC07CoF9DinCEFknAn3",3.03171804173863,3.03171804173863
"2018-07-02T09:45:00Z",0.25187989772753,0.25187989772753
"2018-07-03T10:03:59Z",0.177079200826627,0.177079200826627
"2018-07-05T13:37:28Z",0.19234464917375,0.19234464917375
"2018-07-10T12:43:30Z",0.221349001033284,0.221349001033284
"2018-07-16T14:58:07Z",0.187765014669613,0.187765014669613
"2018-07-17T11:50:28Z",0.23203481487627,0.23203481487627
"2018-07-17T13:20:55Z",0.190818104339038,0.190818104339038
"2018-07-18T10:06:50Z",0.206083552686161,0.206083552686161
"2018-07-18T10:08:05Z",0.222875545867996,0.222875545867996
"2018-07-22T09:59:56Z",0.27172498057879,0.27172498057879
"2018-07-29T11:37:41Z",0.204557007851448,0.204557007851448
"2018-07-30T08:24:14Z",0.219822456198572,0.219822456198572
"2018-07-31T08:23:24Z",0.245773718388681,0.245773718388681
"2018-07-31T11:25:05Z",0.207610097520873,0.207610097520873
"0077ACiEFhFCoB90o7oiA7kDE",0.415220195041746,0.415220195041746
"2018-07-25T14:01:45Z",0.196924283677887,0.196924283677887
"2018-07-27T18:14:35Z",0.218295911363859,0.218295911363859
"0077D00DB7EnEAo0AhCBFhf3A",0.338892953306131,0.338892953306131
"2018-07-08T19:36:46Z",0.149601393801806,0.149601393801806
"2018-07-15T15:43:29Z",0.189291559504325,0.189291559504325
"0077FioEhEoii99BBhfDB0EA0",0.432012188223582,0.432012188223582
"2018-07-03T16:54:31Z",0.184711925000189,0.184711925000189
"2018-07-05T08:06:43Z",0.247300263223393,0.247300263223393
"0077FkEo0no3DFhf0CE09fokk",1.40747433760474,1.40747433760474
"2018-07-03T17:24:09Z",0.244247173553968,0.244247173553968
"2018-07-06T18:28:37Z",0.186238469834901,0.186238469834901
"2018-07-06T18:28:38Z",0.149601393801806,0.149601393801806
"2018-07-10T20:58:53Z",0.238140994215119,0.238140994215119
"2018-07-13T10:40:49Z",0.218295911363859,0.218295911363859
"2018-07-25T00:20:58Z",0.215242821694435,0.215242821694435
"2018-07-25T00:22:52Z",0.155707573140655,0.155707573140655
"0079CAChkD70iinEnkE9kE0DE",0.584666671694812,0.584666671694812
"2018-07-02T20:07:49Z",0.216769366529147,0.216769366529147
"2018-07-11T05:07:15Z",0.187765014669613,0.187765014669613
"2018-07-16T20:55:52Z",0.180132290496052,0.180132290496052
"0079hDD9Fhio993n9Bf0fBBko",0.544976505992292,0.544976505992292
"2018-07-20T13:14:57Z",0.213716276859722,0.213716276859722
"2018-07-20T13:16:09Z",0.140442124793532,0.140442124793532
"2018-07-20T13:16:21Z",0.190818104339038,0.190818104339038
"0079iBF9okFo9C0knno7F7nfC",0.428959098554157,0.428959098554157
"2018-07-05T16:02:36Z",0.198450828512599,0.198450828512599
"2018-07-11T16:52:48Z",0.230508270041558,0.230508270041558
"0079okACDCofB9fDDhkE3kkB3",0.184711925000189,0.184711925000189
"2018-07-08T12:59:29Z",0.184711925000189,0.184711925000189
"007AnkF9f7iBCk07C9o9oi0k9",0.451857271074841,0.451857271074841
"2018-07-16T16:39:09Z",0.207610097520873,0.207610097520873
"2018-07-16T18:57:45Z",0.244247173553968,0.244247173553968
"007Ao7f3BiB97o079kCFhoho3",0.398428201859911,0.398428201859911
"2018-07-26T11:03:59Z",0.207610097520873,0.207610097520873
"2018-07-27T16:02:45Z",0.190818104339038,0.190818104339038
"007Bo9fni9hFfDBDD33Fk7DBf",0.708316803306508,0.708316803306508
"2018-07-07T15:49:40Z",0.253406442562242,0.253406442562242
"2018-07-29T12:41:41Z",0.175552655991915,0.175552655991915
"2018-07-29T12:43:04Z",0.279357704752351,0.279357704752351
"007BoF0hhn3A90FAFEfDD3BiA",0.216769366529147,0.216769366529147
"2018-07-18T23:41:56Z",0.216769366529147,0.216769366529147
"007C0fD7ohfkh399DkACkA99A",0.497653616116211,0.497653616116211
"2018-07-24T10:37:34Z",0.221349001033284,0.221349001033284
"2018-07-24T14:02:37Z",0.276304615082927,0.276304615082927
"007C0i3CBFFEffhEiBEF3nCCh",0.23203481487627,0.23203481487627
"2018-07-06T11:20:42Z",0.23203481487627,0.23203481487627
"007C33CkFF3fAEoDkoiF9E9o9",0.638095740909742,0.638095740909742
"2018-07-04T10:04:08Z",0.247300263223393,0.247300263223393
"2018-07-23T10:19:13Z",0.213716276859722,0.213716276859722
"2018-07-27T18:03:28Z",0.177079200826627,0.177079200826627
"007C99Ak333DA03ni9ikk3CBD",0.21218973202501,0.21218973202501
"2018-07-15T19:38:19Z",0.21218973202501,0.21218973202501
"007C9fAk3CF7ko3EECkCfBFCE",0.456436905578978,0.456436905578978
"2018-07-02T18:05:46Z",0.233561359710982,0.233561359710982
"2018-07-02T20:29:47Z",0.222875545867996,0.222875545867996
"007CC9FnC7hAEEhhiBCkBBDoF",0.203030463016736,0.203030463016736
"2018-07-10T23:09:40Z",0.203030463016736,0.203030463016736
"007CDAonk7Bfn7kBfFhifF3C3",0.447277636570705,0.447277636570705
"2018-07-23T07:49:45Z",0.222875545867996,0.222875545867996
"2018-07-23T07:50:26Z",0.224402090702708,0.224402090702708
"007DD9BfDki0CBikk3hCf00nF",0.186238469834901,0.186238469834901
"2018-07-23T22:29:16Z",0.186238469834901,0.186238469834901
"007DhEFCkBBiDE3kBnEC3DDii",0.180132290496052,0.180132290496052
"2018-07-17T12:43:38Z",0.180132290496052,0.180132290496052
"007E0BkCnn0E37nBEkFE3DDDo",0.222875545867996,0.222875545867996
"2018-07-26T11:47:15Z",0.222875545867996,0.222875545867996
"007E7Fno3E00D97iFA90fo90k",0.403007836364048,0.403007836364048
"2018-07-02T12:00:28Z",0.187765014669613,0.187765014669613
"2018-07-03T21:58:25Z",0.215242821694435,0.215242821694435
"007F0BonfkFnoEiFCh0iDkoBn",0.354158401653254,0.354158401653254
"2018-07-05T08:57:46Z",0.219822456198572,0.219822456198572
"2018-07-19T07:05:30Z",0.134335945454683,0.134335945454683
"007F9A3f7B03iB9fi7FnnFFkD",0.454910360744266,0.454910360744266
"2018-07-17T09:13:25Z",0.209136642355585,0.209136642355585
"2018-07-18T10:11:34Z",0.245773718388681,0.245773718388681
"007FF97kFn7hAoii7Fk03kBDo",1.40136815826589,1.40136815826589
"2018-07-06T22:14:22Z",0.259512621901091,0.259512621901091
"2018-07-13T14:00:44Z",0.204557007851448,0.204557007851448
"2018-07-24T13:32:54Z",0.23203481487627,0.23203481487627
"2018-07-26T16:03:00Z",0.138915579958819,0.138915579958819
"2018-07-26T16:03:33Z",0.175552655991915,0.175552655991915
"2018-07-27T12:52:15Z",0.209136642355585,0.209136642355585
"2018-07-29T22:52:22Z",0.181658835330764,0.181658835330764
"007Ff9DAh7FhhEi7CBBh0fBCC",0.546503050827004,0.546503050827004
"2018-07-17T08:43:17Z",0.198450828512599,0.198450828512599
"2018-07-21T16:46:37Z",0.206083552686161,0.206083552686161
"2018-07-28T13:08:20Z",0.141968669628244,0.141968669628244
"007fDEFoBC7fh0Di7hn39CAkh",1.50669975186104,1.50669975186104
"2018-07-04T09:29:20Z",0.262565711570516,0.262565711570516
"2018-07-16T12:51:33Z",0.166393386983641,0.166393386983641
"2018-07-16T12:54:26Z",0.387742388016925,0.387742388016925
"2018-07-20T18:15:15Z",0.244247173553968,0.244247173553968
"2018-07-20T18:15:29Z",0.207610097520873,0.207610097520873
"2018-07-29T16:35:21Z",0.238140994215119,0.238140994215119
"007fDoE0n070BCnCkBhh7FBEo",0.163340297314216,0.163340297314216
"2018-07-26T03:11:30Z",0.163340297314216,0.163340297314216
"007fihhDBCf3nC9hoCiCh7f0D",0.399954746694623,0.399954746694623
"2018-07-07T15:09:56Z",0.221349001033284,0.221349001033284
"2018-07-14T14:58:19Z",0.178605745661339,0.178605745661339
"007h9f7h7iofokoDiAAhBBkDC",0.166393386983641,0.166393386983641
"2018-07-01T18:11:30Z",0.166393386983641,0.166393386983641
"007hCoB3nFC3f3Ek9iikCfBhh",0.135862490289395,0.135862490289395
"2018-07-10T11:32:05Z",0.135862490289395,0.135862490289395
"007hf3ADhhoFFoCD3BDkDAhn7",0.465596174587252,0.465596174587252
"2018-07-26T09:29:17Z",0.219822456198572,0.219822456198572
"2018-07-28T11:47:53Z",0.245773718388681,0.245773718388681
"007i37F07EnDCkfk97ff9A0Cf",0.245773718388681,0.245773718388681
"2018-07-07T12:55:58Z",0.245773718388681,0.245773718388681
"007i39FBfkn0f03Ff0onoEf30",0.199977373347312,0.199977373347312
"2018-07-13T20:20:00Z",0.199977373347312,0.199977373347312
"007iD3373kiDFAE0oh97h703D",0.447277636570705,0.447277636570705
"2018-07-03T12:27:27Z",0.141968669628244,0.141968669628244
"2018-07-19T08:51:54Z",0.137389035124107,0.137389035124107
"2018-07-19T08:52:48Z",0.167919931818353,0.167919931818353
"007iEEkhkfn0C7EoDkfDnkohA",0.233561359710982,0.233561359710982
"2018-07-19T19:28:34Z",0.233561359710982,0.233561359710982
"007inkEBf7CFC7FCkEAhAA39o",0.383162753512788,0.383162753512788
"2018-07-05T07:45:44Z",0.163340297314216,0.163340297314216
"2018-07-05T07:46:36Z",0.219822456198572,0.219822456198572
"007inof7n9h7CB9oF3C3B9D7k",0.154181028305943,0.154181028305943
"2018-07-10T08:11:20Z",0.154181028305943,0.154181028305943
"007kEE7o70fD3k9FfiEhAECi0",0.380109663843363,0.380109663843363
"2018-07-14T14:45:47Z",0.169446476653066,0.169446476653066
"2018-07-14T14:48:15Z",0.210663187190298,0.210663187190298
"007khDF9n3iCE0oChk3B9fCCo",0.42437946405002,0.42437946405002
"2018-07-04T07:44:48Z",0.218295911363859,0.218295911363859
"2018-07-12T12:39:11Z",0.206083552686161,0.206083552686161
"007kiho93030ninnh9n9773h9",0.63656919607503,0.63656919607503
"2018-07-16T13:17:24Z",0.140442124793532,0.140442124793532
"2018-07-16T13:18:09Z",0.23203481487627,0.23203481487627
"2018-07-16T15:20:48Z",0.264092256405228,0.264092256405228
"007nCAE3i0EBhEkiC3C93FEnA",0.204557007851448,0.204557007851448
"2018-07-18T13:35:54Z",0.204557007851448,0.204557007851448
"007nfhk9iADhFF7ioC3inFAon",0.219822456198572,0.219822456198572
"2018-07-05T14:10:02Z",0.219822456198572,0.219822456198572
"007nfoihC79f9fBkiFoin37C3",1.43037251012543,1.43037251012543
"2018-07-03T12:37:54Z",0.221349001033284,0.221349001033284
"2018-07-04T09:38:06Z",0.209136642355585,0.209136642355585
"2018-07-05T10:26:28Z",0.160287207644792,0.160287207644792
"2018-07-15T16:32:10Z",0.206083552686161,0.206083552686161
"2018-07-18T12:31:17Z",0.228981725206845,0.228981725206845
"2018-07-22T11:22:53Z",0.210663187190298,0.210663187190298
"2018-07-22T16:01:50Z",0.193871194008462,0.193871194008462
"007ni9fnCi7fB099FCEFhCnCo",0.175552655991915,0.175552655991915
"2018-07-17T18:39:19Z",0.175552655991915,0.175552655991915
"007nn3ho9k7FC7B0n0FA9BhDF",0.470175809091389,0.470175809091389
"2018-07-11T10:38:49Z",0.218295911363859,0.218295911363859
"2018-07-22T16:41:45Z",0.25187989772753,0.25187989772753
"007o3F0A0fn0D9fD7FFBA7CD9",0.570927768182401,0.570927768182401
"2018-07-21T13:47:31Z",0.195397738843175,0.195397738843175
"2018-07-21T21:07:17Z",0.187765014669613,0.187765014669613
"2018-07-22T20:57:21Z",0.187765014669613,0.187765014669613
"007o70A09f03CBB0AFF9FD737",0.236614449380407,0.236614449380407
"2018-07-13T22:28:33Z",0.236614449380407,0.236614449380407
"007oAn0Ao3DnifAFf7oiEfC00",0.242720628719256,0.242720628719256
"2018-07-19T21:02:09Z",0.242720628719256,0.242720628719256
"007oifii7i9fDn33noE9FoCE3",0.36484421549624,0.36484421549624
"2018-07-20T17:28:08Z",0.184711925000189,0.184711925000189
"2018-07-25T10:57:33Z",0.180132290496052,0.180132290496052
"007okfADfF0n00AifnokhAkiE",0.514445609298046,0.514445609298046
"2018-07-09T13:59:10Z",0.27172498057879,0.27172498057879
"2018-07-11T11:04:01Z",0.242720628719256,0.242720628719256
"009009FfE3BoCD0Fif3Do00if",0.195397738843175,0.195397738843175
"2018-07-12T14:01:59Z",0.195397738843175,0.195397738843175
"0090Bffn0FfiEA09Bhio3E3kh",0.351105311983829,0.351105311983829
"2018-07-13T22:11:44Z",0.160287207644792,0.160287207644792
"2018-07-13T22:11:53Z",0.190818104339038,0.190818104339038
"0090CB3EnE9kBonEoh03C9BEA",0.169446476653066,0.169446476653066
"2018-07-09T11:51:28Z",0.169446476653066,0.169446476653066
"009307fBDf7fCA3ChA7DEAh9F",0.416746739876458,0.416746739876458
"2018-07-19T21:11:09Z",0.187765014669613,0.187765014669613
"2018-07-19T21:12:45Z",0.228981725206845,0.228981725206845
"0093Ahi9CDn7ED7Ehh9DD7Bni",0.198450828512599,0.198450828512599
"2018-07-29T10:57:25Z",0.198450828512599,0.198450828512599
"0093DABFFCCEf9EFBihkFBfDh",0.195397738843175,0.195397738843175
"2018-07-24T22:31:46Z",0.195397738843175,0.195397738843175
"0093nDF3k0n7BnF9BDE0E00kh",0.378583119008651,0.378583119008651
"2018-07-14T10:44:03Z",0.166393386983641,0.166393386983641
"2018-07-14T10:44:09Z",0.21218973202501,0.21218973202501
"0099BDf093h0ko9AnAB79h7hE",0.390795477686349,0.390795477686349
"2018-07-03T16:00:56Z",0.221349001033284,0.221349001033284
"2018-07-07T09:44:42Z",0.169446476653066,0.169446476653066
"0099Bh0AkC7hk09077E0iE97k",0.239667539049831,0.239667539049831
"2018-07-23T16:11:35Z",0.239667539049831,0.239667539049831
"0099CCif7kf79E00knB7kkBnk",0.228981725206845,0.228981725206845
"2018-07-04T07:46:28Z",0.228981725206845,0.228981725206845
"009A7FoE3hnok9Fh93fnin393",0.170973021487778,0.170973021487778
"2018-07-26T16:32:34Z",0.170973021487778,0.170973021487778
"009A9Ei7i9k9nio3hF099f9kE",0.355684946487966,0.355684946487966
"2018-07-06T16:14:16Z",0.187765014669613,0.187765014669613
"2018-07-06T16:19:41Z",0.167919931818353,0.167919931818353
"009A9iA0FfnoBhACi79oC7Ahf",0.210663187190298,0.210663187190298
"2018-07-12T13:22:01Z",0.210663187190298,0.210663187190298
"009ABo9BC37A7ionE7i0nkEiC",0.227455180372133,0.227455180372133
"2018-07-05T11:59:12Z",0.227455180372133,0.227455180372133
"009ADknAhE7FoBiDoFCBDin0h",0.167919931818353,0.167919931818353
"2018-07-24T16:00:02Z",0.167919931818353,0.167919931818353
"009AFB9fiFfhEB3nEfDok9hDA",1.24871367479466,1.24871367479466
"2018-07-11T23:41:50Z",0.177079200826627,0.177079200826627
"2018-07-14T19:01:03Z",0.170973021487778,0.170973021487778
"2018-07-18T22:01:18Z",0.195397738843175,0.195397738843175
"2018-07-21T13:30:20Z",0.170973021487778,0.170973021487778
"2018-07-23T12:10:09Z",0.175552655991915,0.175552655991915
"2018-07-29T19:03:28Z",0.198450828512599,0.198450828512599
"2018-07-31T11:28:11Z",0.160287207644792,0.160287207644792
"009B3hhBfAfhDCEEFEnB9ABBB",0.42437946405002,0.42437946405002
"2018-07-22T10:29:36Z",0.225928635537421,0.225928635537421
"2018-07-22T10:29:48Z",0.198450828512599,0.198450828512599
"009BBEo3iCADDEABfC9k737nD",0.619777202893195,0.619777202893195
"2018-07-15T12:26:42Z",0.225928635537421,0.225928635537421
"2018-07-15T12:27:30Z",0.225928635537421,0.225928635537421
"2018-07-15T12:28:17Z",0.167919931818353,0.167919931818353
"009BCFh3oE0393o93AioADA3n",0.219822456198572,0.219822456198572
"2018-07-07T09:55:39Z",0.219822456198572,0.219822456198572
"009BiAE9FB300A3BEkFDB99EE",0.198450828512599,0.198450828512599
"2018-07-10T10:28:28Z",0.198450828512599,0.198450828512599
"009BiB77hn3DiioFCihifDD7D",0.931192349174504,0.931192349174504
"2018-07-02T14:52:03Z",0.21218973202501,0.21218973202501
"2018-07-09T10:38:08Z",0.160287207644792,0.160287207644792
"2018-07-12T18:57:08Z",0.195397738843175,0.195397738843175
"2018-07-24T21:55:06Z",0.161813752479504,0.161813752479504
"2018-07-29T00:04:49Z",0.201503918182024,0.201503918182024
"009BoBAfEfBiik0kffEnF9DA0",0.186238469834901,0.186238469834901
"2018-07-24T11:12:13Z",0.186238469834901,0.186238469834901
"009CD03FCkDfAiEoo7EBh7ohn",0.218295911363859,0.218295911363859
"2018-07-15T15:49:20Z",0.218295911363859,0.218295911363859
"009CDF7hCFBkkAiFD7hDDC0Eh",0.187765014669613,0.187765014669613
"2018-07-20T12:39:58Z",0.187765014669613,0.187765014669613
"009CEBDoo7nE7C7FD9FBDkCDD",0.184711925000189,0.184711925000189
"2018-07-20T08:26:24Z",0.184711925000189,0.184711925000189
"009CnConCEDA9n9CoFnEBooD9",0.419799829545883,0.419799829545883
"2018-07-11T18:04:09Z",0.181658835330764,0.181658835330764
"2018-07-11T18:04:30Z",0.238140994215119,0.238140994215119
"009Co0C33Cf0khDBnFiEDik3D",0.283937339256488,0.283937339256488
"2018-07-19T17:34:01Z",0.283937339256488,0.283937339256488
"009D7n090hFnDiBoo33nAoD3h",0.569401223347689,0.569401223347689
"2018-07-05T10:41:35Z",0.190818104339038,0.190818104339038
"2018-07-05T10:41:38Z",0.204557007851448,0.204557007851448
"2018-07-09T13:00:03Z",0.174026111157202,0.174026111157202
"009E39nkAEFADiif7oFCiB7iC",0.555662319835278,0.555662319835278
"2018-07-04T11:49:46Z",0.195397738843175,0.195397738843175
"2018-07-15T13:40:17Z",0.196924283677887,0.196924283677887
"2018-07-15T13:40:34Z",0.163340297314216,0.163340297314216
"009EA9Ekk3kkC3oCC0C0k3EEo",0.181658835330764,0.181658835330764
"2018-07-29T09:40:34Z",0.181658835330764,0.181658835330764
"009EBk7Fn7ofk7ChnDio0BiDD",0.850285472934752,0.850285472934752
"2018-07-12T14:30:49Z",0.222875545867996,0.222875545867996
"2018-07-12T14:31:25Z",0.15265448347123,0.15265448347123
"2018-07-24T01:18:34Z",0.259512621901091,0.259512621901091
"2018-07-24T01:18:40Z",0.215242821694435,0.215242821694435
"009ECD79iEDFffkko0CE7nD0E",1.48685466900978,1.48685466900978
"2018-07-13T19:36:57Z",0.207610097520873,0.207610097520873
"2018-07-17T14:12:05Z",0.128229766115833,0.128229766115833
"2018-07-17T14:12:10Z",0.224402090702708,0.224402090702708
"2018-07-17T16:42:09Z",0.196924283677887,0.196924283677887
"2018-07-17T18:47:14Z",0.203030463016736,0.203030463016736
"2018-07-18T20:43:42Z",0.225928635537421,0.225928635537421
"2018-07-20T09:36:54Z",0.300729332438324,0.300729332438324
"009FEAninEFii39CB0A3BoDfC",0.280884249587064,0.280884249587064
"2018-07-26T13:21:21Z",0.280884249587064,0.280884249587064
"009Fhh9FE0n33AoFA730A7990",0.189291559504325,0.189291559504325
"2018-07-15T09:48:58Z",0.189291559504325,0.189291559504325
"009FhoBohiE3A9E9o0B9E90Fo",0.209136642355585,0.209136642355585
"2018-07-11T10:39:20Z",0.209136642355585,0.209136642355585
"009FnDAFo0AikiiFiCDAhDfhi",0.154181028305943,0.154181028305943
"2018-07-01T15:19:30Z",0.154181028305943,0.154181028305943
"009Fon9kE9kk7f3BAEfD309ho",0.216769366529147,0.216769366529147
"2018-07-04T09:19:36Z",0.216769366529147,0.216769366529147
"009f0AB09F7onnnC7Fk9ohA97",0.728161886157768,0.728161886157768
"2018-07-02T13:20:57Z",0.174026111157202,0.174026111157202
"2018-07-02T13:45:22Z",0.166393386983641,0.166393386983641
"2018-07-04T01:33:23Z",0.213716276859722,0.213716276859722
"2018-07-05T15:16:03Z",0.174026111157202,0.174026111157202
"009ffkfAihBB3nDnk3E99937F",0.128229766115833,0.128229766115833
"2018-07-21T16:37:46Z",0.128229766115833,0.128229766115833
"009h3AEFiDf7Df7AB77DhEoEf",0.206083552686161,0.206083552686161
"2018-07-13T21:24:54Z",0.206083552686161,0.206083552686161
"009h73FD3hfhEkkEDoD3FiA3F",0.207610097520873,0.207610097520873
"2018-07-16T14:07:41Z",0.207610097520873,0.207610097520873
"009hDCo09Cik7nC779hFEfoh9",0.309888601446597,0.309888601446597
"2018-07-05T11:01:42Z",0.309888601446597,0.309888601446597
"009hfAAf9FfnCBnDABkiC0n3F",0.474755443595526,0.474755443595526
"2018-07-22T10:25:56Z",0.210663187190298,0.210663187190298
"2018-07-31T08:03:17Z",0.264092256405228,0.264092256405228
"009hhE3fBACh3793D9iDnoFBo",0.677785906612262,0.677785906612262
"2018-07-15T16:11:03Z",0.210663187190298,0.210663187190298
"2018-07-17T15:50:32Z",0.228981725206845,0.228981725206845
"2018-07-21T10:37:17Z",0.238140994215119,0.238140994215119
"009hhnnD0oEnC39hhC7CfnC3o",1.09605919132343,1.09605919132343
"2018-07-22T09:45:17Z",0.195397738843175,0.195397738843175
"2018-07-22T12:57:17Z",0.163340297314216,0.163340297314216
"2018-07-22T14:18:33Z",0.181658835330764,0.181658835330764
"2018-07-22T15:26:33Z",0.19234464917375,0.19234464917375
"2018-07-22T19:19:27Z",0.170973021487778,0.170973021487778
"2018-07-23T09:17:37Z",0.19234464917375,0.19234464917375
"009i3CAEho999hAhCD0oF0k90",0.566348133678264,0.566348133678264
"2018-07-04T09:21:12Z",0.178605745661339,0.178605745661339
"2018-07-12T09:00:04Z",0.225928635537421,0.225928635537421
"2018-07-22T11:32:56Z",0.161813752479504,0.161813752479504
"009iBFD0ofEEB7DkkC73F73ff",0.206083552686161,0.206083552686161
"2018-07-04T12:46:43Z",0.206083552686161,0.206083552686161
"009ifkhC000Eh03An3FiBoChk",0.421326374380595,0.421326374380595
"2018-07-11T09:32:58Z",0.262565711570516,0.262565711570516
"2018-07-11T09:33:14Z",0.158760662810079,0.158760662810079
"009ikBfDFkD3io9kFin7kknFA",0.40453438119876,0.40453438119876
"2018-07-26T05:24:44Z",0.21218973202501,0.21218973202501
"2018-07-26T08:29:11Z",0.19234464917375,0.19234464917375
"009k7kBBFnii0kD0in7hhikn3",0.433538733058294,0.433538733058294
"2018-07-28T09:45:40Z",0.222875545867996,0.222875545867996
"2018-07-28T11:00:27Z",0.210663187190298,0.210663187190298
"009kCo3fniF0BnAfFBF9F3FCi",0.381636208678076,0.381636208678076
"2018-07-17T20:03:17Z",0.177079200826627,0.177079200826627
"2018-07-27T07:49:50Z",0.204557007851448,0.204557007851448
"009khiiohA9n3Doh7oCki7Dik",0.949510887191052,0.949510887191052
"2018-07-01T18:38:56Z",0.187765014669613,0.187765014669613
"2018-07-01T18:47:49Z",0.190818104339038,0.190818104339038
"2018-07-03T10:31:53Z",0.174026111157202,0.174026111157202
"2018-07-08T12:30:26Z",0.219822456198572,0.219822456198572
"2018-07-08T12:31:00Z",0.177079200826627,0.177079200826627
"009n0kkk9Ff0EhDE0nf9k9D03",0.450330726240129,0.450330726240129
"2018-07-29T11:23:48Z",0.209136642355585,0.209136642355585
"2018-07-29T11:24:38Z",0.241194083884544,0.241194083884544
"009nEDDE73EBn99iBFoA7BkkF",0.203030463016736,0.203030463016736
"2018-07-13T11:25:06Z",0.203030463016736,0.203030463016736
"009nffF37F9iiEonEDDiDAC3n",0.239667539049831,0.239667539049831
"2018-07-17T23:06:53Z",0.105331593595149,0.105331593595149
"2018-07-23T21:29:56Z",0.134335945454683,0.134335945454683
"009noB0f9oh3AAAnD90f3AFnD",0.685418630785824,0.685418630785824
"2018-07-01T17:36:44Z",0.219822456198572,0.219822456198572
"2018-07-01T17:37:06Z",0.219822456198572,0.219822456198572
"2018-07-08T18:07:43Z",0.245773718388681,0.245773718388681
"00A07Dk3B90h30iifonk9C0hC",0.798382948554534,0.798382948554534
"2018-07-17T10:56:15Z",0.187765014669613,0.187765014669613
"2018-07-17T11:13:34Z",0.209136642355585,0.209136642355585
"2018-07-26T15:07:55Z",0.227455180372133,0.227455180372133
"2018-07-28T09:46:34Z",0.174026111157202,0.174026111157202
"00A09CCnoi97FhFEnCf7ikiDC",0.454910360744266,0.454910360744266
"2018-07-17T19:45:13Z",0.228981725206845,0.228981725206845
"2018-07-30T18:06:19Z",0.225928635537421,0.225928635537421
"00A0EEnfhF0iC33DAiBF7ACB3",0.612144478719633,0.612144478719633
"2018-07-13T09:32:25Z",0.170973021487778,0.170973021487778
"2018-07-13T09:44:14Z",0.219822456198572,0.219822456198572
"2018-07-13T09:44:42Z",0.221349001033284,0.221349001033284
"00A0nhBCA793fADnn3DDDCfhC",0.3846892983475,0.3846892983475
"2018-07-11T15:52:33Z",0.219822456198572,0.219822456198572
"2018-07-13T16:07:52Z",0.164866842148929,0.164866842148929
"00A303n03ofhBkAfon3E37okh",0.569401223347689,0.569401223347689
"2018-07-12T22:26:22Z",0.180132290496052,0.180132290496052
"2018-07-12T22:26:38Z",0.189291559504325,0.189291559504325
"2018-07-12T22:30:32Z",0.199977373347312,0.199977373347312
"00A30F7ikh0FoDD9fhA3h3DFF",0.219822456198572,0.219822456198572
"2018-07-29T17:15:12Z",0.219822456198572,0.219822456198572
"00A3FfBik77FE0D9f97Dh03Bi",0.613671023554345,0.613671023554345
"2018-07-09T13:44:43Z",0.204557007851448,0.204557007851448
"2018-07-09T13:44:48Z",0.262565711570516,0.262565711570516
"2018-07-16T12:53:39Z",0.146548304132381,0.146548304132381
"00A3fFCDii90CBfD00393i0FC",0.184711925000189,0.184711925000189
"2018-07-19T11:45:11Z",0.184711925000189,0.184711925000189
"00A3k37ChhBADECo0EkooChkF",0.578560492355963,0.578560492355963
"2018-07-09T21:11:06Z",0.209136642355585,0.209136642355585
"2018-07-09T21:11:39Z",0.187765014669613,0.187765014669613
"2018-07-14T15:30:27Z",0.181658835330764,0.181658835330764
"00A3kDniECh9CA3CAADkFkAhi",0.206083552686161,0.206083552686161
"2018-07-05T11:08:58Z",0.206083552686161,0.206083552686161
"00A3nCnfifhiDh0B90FEFA3k9",0.177079200826627,0.177079200826627
"2018-07-07T14:32:49Z",0.177079200826627,0.177079200826627
"00A7BnBnEE9F9AkAnfE9oEif9",0.410640560537609,0.410640560537609
"2018-07-14T10:09:41Z",0.23203481487627,0.23203481487627
"2018-07-14T10:14:25Z",0.178605745661339,0.178605745661339
"00A7DC3ffoo7fFhE0BhoCD777",0.254932987396954,0.254932987396954
"2018-07-23T08:29:11Z",0.254932987396954,0.254932987396954
"00A7hDA7FonoohCFF0ikAoA7D",0.377056574173939,0.377056574173939
"2018-07-27T14:25:06Z",0.377056574173939,0.377056574173939
"00A9Dh3EDDCCi9ih0DA7fkh3f",0.122123586776984,0.122123586776984
"2018-07-08T22:54:13Z",0.122123586776984,0.122123586776984
"00A9kAE9C7k37iFoDCBkEiE3i",0.219822456198572,0.219822456198572
"2018-07-17T14:06:55Z",0.219822456198572,0.219822456198572
"00AA7fooE7707f9D7FDhoBf7F",1.77537164277041,1.77537164277041
"2018-07-09T14:31:45Z",0.235087904545695,0.235087904545695
"2018-07-09T14:32:21Z",0.170973021487778,0.170973021487778
"2018-07-16T09:57:19Z",0.196924283677887,0.196924283677887
"2018-07-16T09:58:02Z",0.203030463016736,0.203030463016736
"2018-07-16T09:58:48Z",0.386215843182212,0.386215843182212
"2018-07-16T10:00:12Z",0.236614449380407,0.236614449380407
"2018-07-17T09:56:00Z",0.181658835330764,0.181658835330764
"2018-07-17T09:56:42Z",0.164866842148929,0.164866842148929
"00AAihkh39k93AEoE3BCko33C",0.552609230165853,0.552609230165853
"2018-07-05T19:58:01Z",0.175552655991915,0.175552655991915
"2018-07-05T19:58:32Z",0.209136642355585,0.209136642355585
"2018-07-28T19:38:32Z",0.167919931818353,0.167919931818353
"00AAin7fB0oBF9oDfEn9oEAoo",0.254932987396954,0.254932987396954
"2018-07-03T13:18:14Z",0.254932987396954,0.254932987396954
"00AB09CiF7DBni03i99kEBEoh",0.294623153099474,0.294623153099474
"2018-07-03T12:01:05Z",0.175552655991915,0.175552655991915
"2018-07-03T14:01:24Z",0.11907049710756,0.11907049710756
"00ABA9k7ooAiFhEnkF7EoCA09",0.82891384524878,0.82891384524878
"2018-07-18T07:14:32Z",0.233561359710982,0.233561359710982
"2018-07-18T07:14:41Z",0.209136642355585,0.209136642355585
"2018-07-18T07:14:44Z",0.218295911363859,0.218295911363859
"2018-07-18T07:15:07Z",0.167919931818353,0.167919931818353
"00ABABDi7n0BA0if9F3h3CknC",0.180132290496052,0.180132290496052
"2018-07-01T23:05:43Z",0.180132290496052,0.180132290496052
"00ABBk3f37EB99739okCDCBAA",0.186238469834901,0.186238469834901
"2018-07-13T18:27:27Z",0.186238469834901,0.186238469834901
"00ACnCkFo3DEB7nnEDFnk77oA",1.04415666694321,1.04415666694321
"2018-07-02T00:37:51Z",0.227455180372133,0.227455180372133
"2018-07-03T00:43:17Z",0.204557007851448,0.204557007851448
"2018-07-10T00:40:07Z",0.198450828512599,0.198450828512599
"2018-07-11T23:26:59Z",0.207610097520873,0.207610097520873
"2018-07-11T23:27:34Z",0.206083552686161,0.206083552686161
"00ACoBn3nCoD3iBh0fCB0Ci3D",0.348052222314405,0.348052222314405
"2018-07-21T19:25:29Z",0.161813752479504,0.161813752479504
"2018-07-21T19:26:04Z",0.186238469834901,0.186238469834901
"00ADnBD9B979fE0fnoB9CA0E9",0.670153182438701,0.670153182438701
"2018-07-04T02:39:10Z",0.241194083884544,0.241194083884544
"2018-07-04T03:32:00Z",0.221349001033284,0.221349001033284
"2018-07-07T22:07:40Z",0.207610097520873,0.207610097520873
"00ADokf7DiCADoC9n0DBCiDBD",0.377056574173939,0.377056574173939
"2018-07-27T13:19:10Z",0.181658835330764,0.181658835330764
"2018-07-30T21:40:03Z",0.195397738843175,0.195397738843175
"00Af379h79CF3C3n7A0EAkF70",0.184711925000189,0.184711925000189
"2018-07-09T08:47:27Z",0.184711925000189,0.184711925000189
"00AffF0BA90fiFnEEEofFiohi",0.204557007851448,0.204557007851448
"2018-07-10T10:57:50Z",0.204557007851448,0.204557007851448
"00Afh07Cih0FhiF7k9nCBD3Ak",0.587719761364236,0.587719761364236
"2018-07-13T12:17:20Z",0.198450828512599,0.198450828512599
"2018-07-20T13:01:06Z",0.166393386983641,0.166393386983641
"2018-07-29T10:51:53Z",0.222875545867996,0.222875545867996
"00Afi7non3F97AiD9okCEDEh7",1.15559443987721,1.15559443987721
"2018-07-02T18:45:06Z",0.267145346074653,0.267145346074653
"2018-07-02T18:45:44Z",0.123650131611696,0.123650131611696
"2018-07-03T21:32:34Z",0.221349001033284,0.221349001033284
"2018-07-06T18:59:31Z",0.180132290496052,0.180132290496052
"2018-07-10T10:52:15Z",0.186238469834901,0.186238469834901
"2018-07-10T23:56:44Z",0.177079200826627,0.177079200826627
"00Afk33i7oiDohFEBDfCon7F9",0.17249956632249,0.17249956632249
"2018-07-23T00:33:34Z",0.17249956632249,0.17249956632249
"00Ah9A7EFE393iB7kA9fEfiEF",0.812121852066945,0.812121852066945
"2018-07-07T18:40:57Z",0.247300263223393,0.247300263223393
"2018-07-12T17:17:00Z",0.196924283677887,0.196924283677887
"2018-07-13T18:02:49Z",0.177079200826627,0.177079200826627
"2018-07-13T18:03:57Z",0.190818104339038,0.190818104339038
"00AhBDFkChE9f30AffCBEAkhi",0.15265448347123,0.15265448347123
"2018-07-24T10:22:17Z",0.15265448347123,0.15265448347123
"00AhC9inh7iFACoEED7on09EC",0.198450828512599,0.198450828512599
"2018-07-26T15:13:42Z",0.198450828512599,0.198450828512599
"00AhDnDD0FAiFCh7BhCEhoh0A",1.03194430826552,1.03194430826552
"2018-07-15T10:47:23Z",0.218295911363859,0.218295911363859
"2018-07-18T08:02:05Z",0.267145346074653,0.267145346074653
"2018-07-29T11:16:37Z",0.181658835330764,0.181658835330764
"2018-07-29T12:15:14Z",0.177079200826627,0.177079200826627
"2018-07-29T12:15:50Z",0.187765014669613,0.187765014669613
"00Ai3f3Ch3D9B9nnfDiEC0fA7",2.49284771508519,2.49284771508519
"2018-07-11T16:11:34Z",0.241194083884544,0.241194083884544
"2018-07-11T16:12:07Z",0.193871194008462,0.193871194008462
"2018-07-15T20:29:06Z",0.198450828512599,0.198450828512599
"2018-07-15T20:29:30Z",0.241194083884544,0.241194083884544
"2018-07-16T12:06:05Z",0.225928635537421,0.225928635537421
"2018-07-16T12:34:33Z",0.169446476653066,0.169446476653066
"2018-07-16T13:28:09Z",0.17249956632249,0.17249956632249
"2018-07-18T14:51:08Z",0.235087904545695,0.235087904545695
"2018-07-21T11:25:28Z",0.180132290496052,0.180132290496052
"2018-07-22T12:58:35Z",0.224402090702708,0.224402090702708
"2018-07-22T13:19:44Z",0.190818104339038,0.190818104339038
"2018-07-22T14:27:03Z",0.219822456198572,0.219822456198572
"00AiBfhk3ACChBhhfiBh9BC9C",0.46406962975254,0.46406962975254
"2018-07-25T13:38:36Z",0.23203481487627,0.23203481487627
"2018-07-25T13:39:07Z",0.23203481487627,0.23203481487627
"00AikFCoACkFBEEBo7ki3FFEA",0.827387300414068,0.827387300414068
"2018-07-07T20:40:36Z",0.221349001033284,0.221349001033284
"2018-07-14T22:05:15Z",0.23203481487627,0.23203481487627
"2018-07-14T22:05:20Z",0.206083552686161,0.206083552686161
"2018-07-20T23:51:08Z",0.167919931818353,0.167919931818353
"00AkoAFhinoDo73Bh7nAD9iBD",0.160287207644792,0.160287207644792
"2018-07-23T13:27:01Z",0.160287207644792,0.160287207644792
"00AnAhEEFFDk03hBiDi7BifEn",0.346525677479693,0.346525677479693
"2018-07-06T11:48:26Z",0.177079200826627,0.177079200826627
"2018-07-06T11:49:08Z",0.169446476653066,0.169446476653066
"00AnBn09fnEDiBkh9FE07ABnE",0.92813925950508,0.92813925950508
"2018-07-22T12:46:48Z",0.163340297314216,0.163340297314216
"2018-07-22T12:50:09Z",0.190818104339038,0.190818104339038
"2018-07-22T12:53:06Z",0.186238469834901,0.186238469834901
"2018-07-22T13:07:29Z",0.195397738843175,0.195397738843175
"2018-07-22T13:12:36Z",0.19234464917375,0.19234464917375
"00Ao009ADkAAhoohn9oCiAfA0",0.844179293595903,0.844179293595903
"2018-07-11T19:21:57Z",0.199977373347312,0.199977373347312
"2018-07-12T17:02:54Z",0.228981725206845,0.228981725206845
"2018-07-12T20:25:40Z",0.225928635537421,0.225928635537421
"2018-07-21T14:32:02Z",0.189291559504325,0.189291559504325
"00Ao0EkBEkinBf9F3B9BkoCCo",0.216769366529147,0.216769366529147
"2018-07-15T21:44:36Z",0.216769366529147,0.216769366529147
"00Ao3FoEf9iC7hn9CEnk0hoEk",1.75552655991915,1.75552655991915
"2018-07-02T16:10:33Z",0.19234464917375,0.19234464917375
"2018-07-03T15:58:09Z",0.189291559504325,0.189291559504325
"2018-07-03T15:58:15Z",0.227455180372133,0.227455180372133
"2018-07-15T14:50:02Z",0.210663187190298,0.210663187190298
"2018-07-15T14:50:18Z",0.178605745661339,0.178605745661339
"2018-07-15T14:50:21Z",0.57703394752125,0.57703394752125
"2018-07-19T15:55:26Z",0.180132290496052,0.180132290496052
"00AoDE9oBDDk99ED30D77BhAi",0.178605745661339,0.178605745661339
"2018-07-03T20:10:21Z",0.178605745661339,0.178605745661339
"00AoFBnfAinAiiff9BAoEE793",0.80906876239752,0.80906876239752
"2018-07-04T19:42:41Z",0.239667539049831,0.239667539049831
"2018-07-10T21:08:29Z",0.164866842148929,0.164866842148929
"2018-07-12T20:01:13Z",0.137389035124107,0.137389035124107
"2018-07-19T14:47:01Z",0.267145346074653,0.267145346074653
"00AoFo0f9FiDi9ChfABD0FC0C",0.757166238017302,0.757166238017302
"2018-07-11T15:45:44Z",0.190818104339038,0.190818104339038
"2018-07-21T11:08:38Z",0.187765014669613,0.187765014669613
"2018-07-22T21:23:37Z",0.181658835330764,0.181658835330764
"2018-07-24T00:18:18Z",0.196924283677887,0.196924283677887
"00AoiECk9ofF9fC907on793n7",0.254932987396954,0.254932987396954
"2018-07-15T11:32:31Z",0.254932987396954,0.254932987396954
"00B00Df7o7kknDBCFB0h9EC0A",0.398428201859911,0.398428201859911
"2018-07-11T21:06:59Z",0.198450828512599,0.198450828512599
"2018-07-14T09:32:18Z",0.199977373347312,0.199977373347312
"00B09BfCnB9Ck3fB9739FnDk7",0.216769366529147,0.216769366529147
"2018-07-15T14:55:21Z",0.216769366529147,0.216769366529147
"00B09nB979hA7BD9f0FB379Do",0.67625936177755,0.67625936177755
"2018-07-05T17:57:47Z",0.225928635537421,0.225928635537421
"2018-07-17T15:45:52Z",0.216769366529147,0.216769366529147
"2018-07-20T11:42:57Z",0.233561359710982,0.233561359710982
"00B0BoADACf7Foh7339kBhiDC",0.177079200826627,0.177079200826627
"2018-07-18T13:05:33Z",0.177079200826627,0.177079200826627
"4",0.203030463016736,0.203030463016736
"00B39Ahokk7oDAk3iFFhBnD0h",0.169446476653066,0.169446476653066
"2018-07-18T11:16:46Z",0.169446476653066,0.169446476653066
"00B3B0hkoiBfCkF7o7B09ffCC",0.242720628719256,0.242720628719256
"2018-07-01T14:58:17Z",0.242720628719256,0.242720628719256
"00B3iEkf7FC09h30h7iknf3iB",0.158760662810079,0.158760662810079
"2018-07-02T10:01:50Z",0.158760662810079,0.158760662810079
"00B709h07iEfFA7iF0fAo9nFB",0.225928635537421,0.225928635537421
"2018-07-23T12:41:45Z",0.225928635537421,0.225928635537421
"00B7AF9nCnFnihAFABDfDfFC3",0.201503918182024,0.201503918182024
"2018-07-19T15:33:22Z",0.201503918182024,0.201503918182024
"00B7BBiiF00A0Fi0oDh0Chii9",0.606038299380784,0.606038299380784
"2018-07-04T23:35:47Z",0.203030463016736,0.203030463016736
"2018-07-05T21:57:36Z",0.198450828512599,0.198450828512599
"2018-07-22T22:28:17Z",0.204557007851448,0.204557007851448
"00B7CDDED0A0Cnk39ofAn09kD",0.190818104339038,0.190818104339038
"2018-07-17T13:37:43Z",0.190818104339038,0.190818104339038
"00B7EC7C9khA3hB3o7F9h3AFB",0.531237602479881,0.531237602479881
"2018-07-10T12:52:49Z",0.225928635537421,0.225928635537421
"2018-07-10T12:52:51Z",0.164866842148929,0.164866842148929
"2018-07-10T12:53:02Z",0.140442124793532,0.140442124793532
"00B7fFhfnnAhkCoE0DAf9nDoA",0.21218973202501,0.21218973202501
"2018-07-07T20:09:50Z",0.21218973202501,0.21218973202501
"00B7nBofiDBF03kFEBnkhEDoo",0.778537865703274,0.778537865703274
"2018-07-02T09:02:12Z",0.227455180372133,0.227455180372133
"2018-07-09T15:12:28Z",0.158760662810079,0.158760662810079
"2018-07-10T14:35:47Z",0.187765014669613,0.187765014669613
"2018-07-10T15:19:35Z",0.204557007851448,0.204557007851448
"00B97nhAEB079iB9hoECF7iAB",0.560241954339415,0.560241954339415
"2018-07-02T21:39:20Z",0.222875545867996,0.222875545867996
"2018-07-02T22:19:00Z",0.140442124793532,0.140442124793532
"2018-07-05T21:44:11Z",0.196924283677887,0.196924283677887
"00B9AAkBnC03oihnoEnCC90Cn",0.253406442562242,0.253406442562242
"2018-07-17T09:55:43Z",0.253406442562242,0.253406442562242
"00B9BAEfk0ffnAFfC0Bn03nok",0.396901657025199,0.396901657025199
"2018-07-21T15:37:56Z",0.204557007851448,0.204557007851448
"2018-07-29T18:51:48Z",0.19234464917375,0.19234464917375
"00B9FDfiE0f973iA3EA9o3FFi",0.174026111157202,0.174026111157202
"2018-07-05T09:08:38Z",0.174026111157202,0.174026111157202
"00B9iDEhEni3DEi0D3foD3oAk",0.187765014669613,0.187765014669613
"2018-07-25T14:03:13Z",0.187765014669613,0.187765014669613
"00BA0oADi7EC7EAFFBBhFAnhk",1.99977373347312,1.99977373347312
"2018-07-16T10:43:53Z",0.219822456198572,0.219822456198572
"2018-07-16T10:45:01Z",0.241194083884544,0.241194083884544
"2018-07-17T10:41:06Z",0.157234117975367,0.157234117975367
"2018-07-17T10:41:18Z",0.370950394835089,0.370950394835089
"2018-07-17T10:42:21Z",0.227455180372133,0.227455180372133
"2018-07-17T10:42:28Z",0.141968669628244,0.141968669628244
"2018-07-17T13:02:37Z",0.267145346074653,0.267145346074653
"2018-07-17T13:02:45Z",0.199977373347312,0.199977373347312
"2018-07-29T10:04:59Z",0.174026111157202,0.174026111157202
"00BA3kABAFFF3Bi3i3Aoh7k7f",0.178605745661339,0.178605745661339
"2018-07-24T14:01:21Z",0.178605745661339,0.178605745661339
"00BA9F9konifhFnhDf70k0iE3",0.181658835330764,0.181658835330764
"2018-07-10T17:01:19Z",0.181658835330764,0.181658835330764
"00BADi9fFACookAEAE0o0kC39",0.491547436777361,0.491547436777361
"2018-07-03T10:41:11Z",0.241194083884544,0.241194083884544
"2018-07-16T08:22:12Z",0.250353352892818,0.250353352892818
"00BAhkDBB090nAEEfCfCAhEih",0.366370760330953,0.366370760330953
"2018-07-16T12:34:30Z",0.174026111157202,0.174026111157202
"2018-07-17T17:21:21Z",0.19234464917375,0.19234464917375
"00BB7D9AE3oof9oBFA9Ah0kBE",0.435065277893006,0.435065277893006
"2018-07-19T13:59:17Z",0.222875545867996,0.222875545867996
"2018-07-21T12:40:32Z",0.21218973202501,0.21218973202501
"00BB93CAEFiAE7koDFA0DFD9i",0.920506535331518,0.920506535331518
"2018-07-19T09:57:46Z",0.180132290496052,0.180132290496052
"2018-07-19T11:48:15Z",0.186238469834901,0.186238469834901
"2018-07-23T18:29:16Z",0.195397738843175,0.195397738843175
"2018-07-24T18:36:43Z",0.17249956632249,0.17249956632249
"2018-07-30T10:22:43Z",0.186238469834901,0.186238469834901
"00BC3nDikB00iAo07hBB9Dk9k",0.218295911363859,0.218295911363859
"2018-07-31T10:53:55Z",0.218295911363859,0.218295911363859
"00BC7777BBBE77BBCBkD930Ek",0.213716276859722,0.213716276859722
"2018-07-13T15:27:15Z",0.213716276859722,0.213716276859722
"00BC7kCfADhBfCf7BioAfFDfi",1.52959792438173,1.52959792438173
"2018-07-09T09:21:02Z",0.178605745661339,0.178605745661339
"2018-07-10T18:07:20Z",0.21218973202501,0.21218973202501
"2018-07-10T18:46:35Z",0.233561359710982,0.233561359710982
"2018-07-14T12:32:50Z",0.201503918182024,0.201503918182024
"2018-07-14T13:21:49Z",0.195397738843175,0.195397738843175
"2018-07-22T17:18:13Z",0.195397738843175,0.195397738843175
"2018-07-24T12:06:29Z",0.137389035124107,0.137389035124107
"2018-07-24T13:55:01Z",0.175552655991915,0.175552655991915
"00BCC0Co9fk3ni0CC09AE3i3E",1.88986250537383,1.88986250537383
"2018-07-03T06:25:36Z",0.264092256405228,0.264092256405228
"2018-07-08T06:17:32Z",0.180132290496052,0.180132290496052
"2018-07-17T06:20:35Z",0.167919931818353,0.167919931818353
"2018-07-17T19:46:12Z",0.187765014669613,0.187765014669613
"2018-07-21T13:44:57Z",0.145021759297669,0.145021759297669
"2018-07-21T13:45:34Z",0.177079200826627,0.177079200826627
"2018-07-24T06:56:26Z",0.151127938636518,0.151127938636518
"2018-07-24T15:29:45Z",0.210663187190298,0.210663187190298
"2018-07-29T06:30:40Z",0.210663187190298,0.210663187190298
"2018-07-29T06:31:30Z",0.195397738843175,0.195397738843175
"00BCfAD3EiAfFFEnhoCBnn3ff",0.216769366529147,0.216769366529147
"2018-07-22T12:37:19Z",0.216769366529147,0.216769366529147
"00BCiBnhfk7A7AC03A9kEC0f9",0.337366408471419,0.337366408471419
"2018-07-13T16:10:00Z",0.155707573140655,0.155707573140655
"2018-07-16T19:50:03Z",0.181658835330764,0.181658835330764
"00BDDFkhfBfBfhoC0FDnC0n0f",0.198450828512599,0.198450828512599
"2018-07-02T10:18:59Z",0.198450828512599,0.198450828512599
"00BDECFnoonoh099oo0CfB0hn",0.244247173553968,0.244247173553968
"2018-07-29T19:18:52Z",0.244247173553968,0.244247173553968
"00BDFi9hi3CnfhFni9nCCnhEf",0.238140994215119,0.238140994215119
"2018-07-15T13:09:01Z",0.238140994215119,0.238140994215119
"00BEC33FAhoFBAfBAFE7hfkiE",0.199977373347312,0.199977373347312
"2018-07-04T13:10:36Z",0.199977373347312,0.199977373347312
"00BEhnAn33E0CC37ifEE9Fi9C",0.19234464917375,0.19234464917375
"2018-07-02T09:45:55Z",0.19234464917375,0.19234464917375
"00BEkf90EDo30FEohCh937iB3",0.228981725206845,0.228981725206845
"2018-07-23T12:54:06Z",0.228981725206845,0.228981725206845
"00BEo00h9ABDDAFEE9F7knEho",0.796856403719822,0.796856403719822
"2018-07-15T11:55:15Z",0.210663187190298,0.210663187190298
"2018-07-24T12:38:34Z",0.183185380165476,0.183185380165476
"2018-07-26T11:31:59Z",0.242720628719256,0.242720628719256
"2018-07-29T13:06:38Z",0.160287207644792,0.160287207644792
"00BF0E037n9foCCDEoEhifA30",0.175552655991915,0.175552655991915
"2018-07-14T17:03:20Z",0.175552655991915,0.175552655991915
"00BFEhDh3n9FBifhfh3ACCEDA",0.198450828512599,0.198450828512599
"2018-07-20T15:25:04Z",0.198450828512599,0.198450828512599
"00BFfE90EkEEf073CAfBkfDoF",1.0914795568193,1.0914795568193
"2018-07-06T12:41:13Z",0.213716276859722,0.213716276859722
"2018-07-18T20:26:17Z",0.206083552686161,0.206083552686161
"2018-07-23T21:13:00Z",0.242720628719256,0.242720628719256
"2018-07-27T19:00:45Z",0.233561359710982,0.233561359710982
"2018-07-29T13:14:20Z",0.195397738843175,0.195397738843175
"00Bf0BoEiBEkn3i0oEC0Dik9E",0.369423850000377,0.369423850000377
"2018-07-25T12:57:59Z",0.184711925000189,0.184711925000189
"2018-07-26T07:45:15Z",0.184711925000189,0.184711925000189
"00BfC0fEhCCiAFAA9AkDC3F90",0.274778070248214,0.274778070248214
"2018-07-25T17:32:36Z",0.274778070248214,0.274778070248214
"00BfDCFFnik7nBiE9ADfFiAo9",0.241194083884544,0.241194083884544
"2018-07-30T11:59:23Z",0.241194083884544,0.241194083884544
"00Bff0D9hiF3DkBEFfCnCFE30",0.592299395868373,0.592299395868373
"2018-07-15T12:46:00Z",0.174026111157202,0.174026111157202
"2018-07-17T22:58:12Z",0.19234464917375,0.19234464917375
"2018-07-22T23:23:46Z",0.225928635537421,0.225928635537421
"00Bfn30fB7ofC77hEBFhD7o99",0.201503918182024,0.201503918182024
"2018-07-04T13:19:32Z",0.201503918182024,0.201503918182024
"00Bfo7iFkfCi3k30f7EkAffAA",0.218295911363859,0.218295911363859
"2018-07-14T14:22:34Z",0.218295911363859,0.218295911363859
"00BfohEkD077AoBB7FACBfDE3",0.213716276859722,0.213716276859722
"2018-07-14T15:05:21Z",0.213716276859722,0.213716276859722
"00Bh9kkn9DAonk90BC97hkDn3",0.395375112190486,0.395375112190486
"2018-07-05T16:14:10Z",0.203030463016736,0.203030463016736
"2018-07-11T11:33:40Z",0.19234464917375,0.19234464917375
"00BhnB3fiD7AnkE3i9ioBko0f",0.372476939669802,0.372476939669802
"2018-07-02T10:06:48Z",0.15265448347123,0.15265448347123
"2018-07-06T11:35:01Z",0.219822456198572,0.219822456198572
"00Bi900nACknBFhhh3FhADB90",1.68530549752238,1.68530549752238
"2018-07-10T10:29:27Z",0.198450828512599,0.198450828512599
"2018-07-10T14:28:50Z",0.235087904545695,0.235087904545695
"2018-07-10T15:16:31Z",0.21218973202501,0.21218973202501
"2018-07-11T14:21:02Z",0.196924283677887,0.196924283677887
"2018-07-15T11:25:52Z",0.219822456198572,0.219822456198572
"2018-07-17T13:37:13Z",0.196924283677887,0.196924283677887
"2018-07-24T10:27:14Z",0.204557007851448,0.204557007851448
"2018-07-31T10:37:57Z",0.221349001033284,0.221349001033284
"00BiFCFDfnn9BhoE9hnkDEoFE",0.174026111157202,0.174026111157202
"2018-07-21T21:19:25Z",0.174026111157202,0.174026111157202
"00Bin0fiEDi7CF70Cnh7hofhA",0.381636208678076,0.381636208678076
"2018-07-10T10:56:34Z",0.215242821694435,0.215242821694435
"2018-07-10T11:05:47Z",0.166393386983641,0.166393386983641
"00Bk3BBoEBnkD77nB9Doh0FAf",0.189291559504325,0.189291559504325
"2018-07-13T16:08:48Z",0.189291559504325,0.189291559504325
"00BkD03C3CBih07h0DFiBi3kB",0.215242821694435,0.215242821694435
"2018-07-10T12:53:14Z",0.215242821694435,0.215242821694435
"00BkDkhAiChoiA7fDnEf3in7n",0.564821588843552,0.564821588843552
"2018-07-16T11:40:28Z",0.164866842148929,0.164866842148929
"2018-07-16T11:54:59Z",0.198450828512599,0.198450828512599
"2018-07-16T11:55:00Z",0.201503918182024,0.201503918182024
"00BnC07kkhA33nAnfFkDfE0k3",0.870130555786012,0.870130555786012
"2018-07-11T23:05:43Z",0.248826808058105,0.248826808058105
"2018-07-17T07:42:06Z",0.238140994215119,0.238140994215119
"2018-07-20T20:42:45Z",0.218295911363859,0.218295911363859
"2018-07-23T16:59:05Z",0.164866842148929,0.164866842148929
"00BnCDnDB3n79oh70AfhkDonC",0.44422454690128,0.44422454690128
"2018-07-25T13:06:46Z",0.241194083884544,0.241194083884544
"2018-07-25T13:27:55Z",0.203030463016736,0.203030463016736
"00BniF3BofCAkDn3i0AAE7fh0",2.34782595578752,2.34782595578752
"2018-07-09T22:10:08Z",0.195397738843175,0.195397738843175
"2018-07-09T22:10:21Z",0.183185380165476,0.183185380165476
"2018-07-09T22:10:47Z",0.221349001033284,0.221349001033284
"2018-07-10T18:16:27Z",0.480861622934375,0.480861622934375
"2018-07-10T18:16:45Z",0.209136642355585,0.209136642355585
"2018-07-10T18:16:56Z",0.27172498057879,0.27172498057879
"2018-07-25T18:17:48Z",0.203030463016736,0.203030463016736
"2018-07-25T18:19:16Z",0.195397738843175,0.195397738843175
"2018-07-25T18:19:19Z",0.167919931818353,0.167919931818353
"2018-07-25T18:20:00Z",0.219822456198572,0.219822456198572
"00Bo3o3oAo379FhoBEAkDFAEi",0.532764147314593,0.532764147314593
"2018-07-14T12:15:54Z",0.137389035124107,0.137389035124107
"2018-07-20T23:40:07Z",0.203030463016736,0.203030463016736
"2018-07-20T23:40:42Z",0.19234464917375,0.19234464917375
"00BoB7CEDFCConffAiAf77Fkh",0.225928635537421,0.225928635537421
"2018-07-05T08:05:45Z",0.225928635537421,0.225928635537421
"00BoEoFE3ni09kfk3fAB3iAf9",0.265618801239941,0.265618801239941
"2018-07-16T16:43:57Z",0.265618801239941,0.265618801239941
"00BoFF7EFBkDC33F0k793fk3D",0.367897305165665,0.367897305165665
"2018-07-07T11:15:36Z",0.189291559504325,0.189291559504325
"2018-07-07T11:15:37Z",0.178605745661339,0.178605745661339
"00Boh9oDFCnE7DDhkA3fFoBCA",0.21218973202501,0.21218973202501
"2018-07-10T14:58:08Z",0.21218973202501,0.21218973202501
"00BoiEf30nC3hCAhB9iof9fC3",0.428959098554157,0.428959098554157
"2018-07-03T08:36:45Z",0.196924283677887,0.196924283677887
"2018-07-04T10:45:48Z",0.23203481487627,0.23203481487627
"00BooE7DikDiC7nEo0iA339En",1.36931071673694,1.36931071673694
"2018-07-16T21:06:46Z",0.239667539049831,0.239667539049831
"2018-07-24T11:54:16Z",0.157234117975367,0.157234117975367
"2018-07-24T11:54:46Z",0.181658835330764,0.181658835330764
"2018-07-24T11:55:44Z",0.230508270041558,0.230508270041558
"2018-07-24T11:57:10Z",0.175552655991915,0.175552655991915
"2018-07-26T12:08:01Z",0.166393386983641,0.166393386983641
"2018-07-26T12:08:58Z",0.218295911363859,0.218295911363859
"00C0Dn9fEA3kD0AA3Bf9A7fiF",0.126703221281121,0.126703221281121
"2018-07-13T13:16:48Z",0.126703221281121,0.126703221281121
"00C0iBCiFniECFFEFnB7h90FC",0.190818104339038,0.190818104339038
"2018-07-11T10:33:38Z",0.190818104339038,0.190818104339038
"00C0o7oo7kDE0Do0fFnEf9BC9",0.206083552686161,0.206083552686161
"2018-07-06T08:52:15Z",0.206083552686161,0.206083552686161
"00C37fi97oF7Ck733Eonif39h",0.732741520661905,0.732741520661905
"2018-07-16T12:17:28Z",0.174026111157202,0.174026111157202
"2018-07-23T08:30:36Z",0.189291559504325,0.189291559504325
"2018-07-23T08:34:18Z",0.161813752479504,0.161813752479504
"2018-07-23T13:06:40Z",0.207610097520873,0.207610097520873
"00C3CoD9C3nhnEE3fi7Ah9nAf",0.169446476653066,0.169446476653066
"2018-07-30T16:56:49Z",0.169446476653066,0.169446476653066
"00C3F7Dh97knCB97Ao7nAE3Dh",0.187765014669613,0.187765014669613
"2018-07-26T23:21:04Z",0.187765014669613,0.187765014669613
"00C3oC3BfC3nA3iAn37B3DkoE",0.682365541116399,0.682365541116399
"2018-07-08T11:09:19Z",0.224402090702708,0.224402090702708
"2018-07-17T10:01:19Z",0.225928635537421,0.225928635537421
"2018-07-19T12:38:44Z",0.23203481487627,0.23203481487627
"00C7337f9kkCACEoF009A7FBo",0.235087904545695,0.235087904545695
"2018-07-14T13:43:46Z",0.235087904545695,0.235087904545695
"00C7DAhEoAhkD3EDikDfBfo0E",0.580087037190675,0.580087037190675
"2018-07-12T15:35:24Z",0.181658835330764,0.181658835330764
"2018-07-12T15:40:09Z",0.215242821694435,0.215242821694435
"2018-07-15T13:58:19Z",0.183185380165476,0.183185380165476
"00C7h7nAhhhAhEBkf0h0nnC9h",0.209136642355585,0.209136642355585
"2018-07-21T18:19:41Z",0.209136642355585,0.209136642355585
"00C7h9n73B0A7nE7FF73337i0",0.193871194008462,0.193871194008462
"2018-07-26T01:21:07Z",0.193871194008462,0.193871194008462
"00C93B9AkF33D97EkfEEDBo7h",0.199977373347312,0.199977373347312
"2018-07-19T17:58:16Z",0.199977373347312,0.199977373347312
"00C997fkCD7Fi390FfAEoDf97",1.81658835330764,1.81658835330764
"2018-07-01T23:31:03Z",0.181658835330764,0.181658835330764
"2018-07-05T10:37:43Z",0.238140994215119,0.238140994215119
"2018-07-09T07:16:57Z",0.233561359710982,0.233561359710982
"2018-07-09T07:17:05Z",0.233561359710982,0.233561359710982
"2018-07-09T07:17:29Z",0.241194083884544,0.241194083884544
"2018-07-21T22:10:21Z",0.206083552686161,0.206083552686161
"2018-07-22T11:38:53Z",0.154181028305943,0.154181028305943
"2018-07-28T10:24:16Z",0.145021759297669,0.145021759297669
"2018-07-28T10:32:44Z",0.183185380165476,0.183185380165476
"00C9BEkFiFFnkhBiCkD9i90BD",0.635042651240318,0.635042651240318
"2018-07-01T18:53:22Z",0.164866842148929,0.164866842148929
"2018-07-01T18:53:42Z",0.196924283677887,0.196924283677887
"2018-07-21T17:14:19Z",0.273251525413502,0.273251525413502
"00C9hkEi9kCkB70hhCf9FkE3C",0.378583119008651,0.378583119008651
"2018-07-05T07:56:41Z",0.215242821694435,0.215242821694435
"2018-07-05T08:17:25Z",0.163340297314216,0.163340297314216
"00C9i0BE93nkF3k3EE33Dhi9f",0.17249956632249,0.17249956632249
"2018-07-14T09:47:15Z",0.17249956632249,0.17249956632249
"00C9if39F3hnCo7AoC7n7FhEE",0.193871194008462,0.193871194008462
"2018-07-18T13:03:52Z",0.193871194008462,0.193871194008462
"00C9k9ffiC3ik7Bfo00AAF7Ai",0.193871194008462,0.193871194008462
"2018-07-23T12:43:54Z",0.193871194008462,0.193871194008462
"00C9kh93of00393hC7hCfhf7B",0.138915579958819,0.138915579958819
"2018-07-25T12:50:01Z",0.138915579958819,0.138915579958819
"00CAE0Ch07En7FioCin99hh7E",0.175552655991915,0.175552655991915
"2018-07-10T20:10:03Z",0.175552655991915,0.175552655991915
"00CAEAk7oho3iDifiB0970BiE",0.120597041942272,0.120597041942272
"2018-07-10T16:52:32Z",0.120597041942272,0.120597041942272
"00CAfE3F3DnEkhEA9EED0knoD",0.207610097520873,0.207610097520873
"2018-07-16T14:20:23Z",0.207610097520873,0.207610097520873
"00CAh3FBCoA3B07ifnknk3B0i",2.42415319752314,2.42415319752314
"2018-07-01T20:54:15Z",0.206083552686161,0.206083552686161
"2018-07-01T22:33:52Z",0.163340297314216,0.163340297314216
"2018-07-01T22:35:36Z",0.167919931818353,0.167919931818353
"2018-07-01T22:37:35Z",0.196924283677887,0.196924283677887
"2018-07-01T22:42:43Z",0.151127938636518,0.151127938636518
"2018-07-01T22:42:45Z",0.203030463016736,0.203030463016736
"2018-07-01T22:49:13Z",0.248826808058105,0.248826808058105
"2018-07-01T22:56:09Z",0.155707573140655,0.155707573140655
"2018-07-01T23:07:37Z",0.129756310950546,0.129756310950546
"2018-07-01T23:07:46Z",0.157234117975367,0.157234117975367
"2018-07-01T23:14:12Z",0.221349001033284,0.221349001033284
"2018-07-01T23:14:33Z",0.213716276859722,0.213716276859722
"2018-07-01T23:21:05Z",0.209136642355585,0.209136642355585
"00CB3nfEhEh3oFkAFo0o9FfBi",0.201503918182024,0.201503918182024
"2018-07-16T09:18:50Z",0.201503918182024,0.201503918182024
"00CBBA7ooniAh7ABB3EEkkAi7",0.589246306198949,0.589246306198949
"2018-07-21T17:03:12Z",0.167919931818353,0.167919931818353
"2018-07-21T17:04:00Z",0.216769366529147,0.216769366529147
"2018-07-29T11:32:24Z",0.204557007851448,0.204557007851448
"00CBFF00hFDiC3AC3nE0no0n7",1.01209922541426,1.01209922541426
"2018-07-04T12:42:44Z",0.241194083884544,0.241194083884544
"2018-07-09T13:55:50Z",0.239667539049831,0.239667539049831
"2018-07-11T09:56:12Z",0.198450828512599,0.198450828512599
"2018-07-11T09:56:19Z",0.170973021487778,0.170973021487778
"2018-07-17T09:40:22Z",0.161813752479504,0.161813752479504
"00CBFho33D7ffBBB3hkhBi99k",0.387742388016925,0.387742388016925
"2018-07-27T12:27:05Z",0.230508270041558,0.230508270041558
"2018-07-28T12:06:11Z",0.157234117975367,0.157234117975367
"00CCD3n73E0k7nnCkFhCoA0k7",0.213716276859722,0.213716276859722
"2018-07-25T20:12:00Z",0.213716276859722,0.213716276859722
"00CCF9799fEECEiFABDAohfon",0.178605745661339,0.178605745661339
"2018-07-16T13:21:35Z",0.178605745661339,0.178605745661339
"00CCFFDD7ko3Co3E33ACA097D",2.75236033698628,2.75236033698628
"2018-07-07T15:36:00Z",0.218295911363859,0.218295911363859
"2018-07-10T09:40:01Z",0.25187989772753,0.25187989772753
"2018-07-14T10:58:11Z",0.213716276859722,0.213716276859722
"2018-07-16T19:14:48Z",0.184711925000189,0.184711925000189
"2018-07-16T19:24:08Z",0.146548304132381,0.146548304132381
"2018-07-16T19:25:03Z",0.235087904545695,0.235087904545695
"2018-07-17T19:06:49Z",0.17249956632249,0.17249956632249
"2018-07-17T19:43:10Z",0.198450828512599,0.198450828512599
"2018-07-18T17:27:43Z",0.189291559504325,0.189291559504325
"2018-07-19T20:19:41Z",0.164866842148929,0.164866842148929
"2018-07-20T14:04:22Z",0.184711925000189,0.184711925000189
"2018-07-22T16:03:21Z",0.180132290496052,0.180132290496052
"2018-07-24T09:57:58Z",0.21218973202501,0.21218973202501
"2018-07-27T12:35:22Z",0.199977373347312,0.199977373347312
"00CCf0FFoF7fEAB7fnAABoDoh",0.3846892983475,0.3846892983475
"2018-07-12T06:34:33Z",0.186238469834901,0.186238469834901
"2018-07-23T22:41:01Z",0.198450828512599,0.198450828512599
"00CCfF7h7k0fEEEi73fBBhD9B",0.170973021487778,0.170973021487778
"2018-07-02T16:06:31Z",0.170973021487778,0.170973021487778
"00CDC7nkho0CACoB9in3En9Ff",0.312941691116022,0.312941691116022
"2018-07-19T14:39:52Z",0.154181028305943,0.154181028305943
"2018-07-22T14:38:35Z",0.158760662810079,0.158760662810079
"00CDCi773CCo90oBCED7fh7h0",0.219822456198572,0.219822456198572
"2018-07-18T15:25:30Z",0.219822456198572,0.219822456198572
"00CEAAfB3AnhfEkf0BiA0oDEC",0.309888601446597,0.309888601446597
"2018-07-24T11:24:44Z",0.151127938636518,0.151127938636518
"2018-07-24T11:28:24Z",0.158760662810079,0.158760662810079
"00CEihEnfkihB77ooB79F9okF",1.02583812892667,1.02583812892667
"2018-07-01T20:13:40Z",0.21218973202501,0.21218973202501
"2018-07-02T17:59:19Z",0.155707573140655,0.155707573140655
"2018-07-10T18:02:20Z",0.186238469834901,0.186238469834901
"2018-07-11T17:21:54Z",0.201503918182024,0.201503918182024
"2018-07-13T14:45:33Z",0.270198435744077,0.270198435744077
"00CF7FhBhfokkfFCf3fAB07Fo",0.201503918182024,0.201503918182024
"2018-07-04T15:05:21Z",0.201503918182024,0.201503918182024
"00CFAEfCAo9Cn7iAEf3FfoC7A",0.418273284711171,0.418273284711171
"2018-07-23T15:09:57Z",0.187765014669613,0.187765014669613
"2018-07-23T15:13:19Z",0.230508270041558,0.230508270041558
"00CFFBA7D9oChADBofD7FFo7B",0.601458664876647,0.601458664876647
"2018-07-03T12:53:34Z",0.181658835330764,0.181658835330764
"2018-07-05T09:06:31Z",0.19234464917375,0.19234464917375
"2018-07-06T10:40:35Z",0.227455180372133,0.227455180372133
"00CFFE0n9Di039h007EE7o0Ck",0.299202787603611,0.299202787603611
"2018-07-26T12:43:36Z",0.157234117975367,0.157234117975367
"2018-07-26T12:44:20Z",0.141968669628244,0.141968669628244
"00CFhDAEAFkf0Ah73AD77C0no",0.224402090702708,0.224402090702708
"2018-07-24T19:56:55Z",0.224402090702708,0.224402090702708
"00CfnChoiAD0Co7EiffD9hh0o",0.170973021487778,0.170973021487778
"2018-07-07T15:56:50Z",0.170973021487778,0.170973021487778
"00ChA0o97of7Eio3fAkAiDFfo",0.206083552686161,0.206083552686161
"2018-07-06T13:18:37Z",0.206083552686161,0.206083552686161
"00ChAf9kkhD9hDDCAoDDnFhC9",0.225928635537421,0.225928635537421
"2018-07-30T22:27:27Z",0.225928635537421,0.225928635537421
"00ChEk7Eko07EBkF0EkifA7ED",0.169446476653066,0.169446476653066
"2018-07-30T07:39:24Z",0.169446476653066,0.169446476653066
"00ChnB3DD0fBoCCAD90C9DF0B",0.914400355992669,0.914400355992669
"2018-07-18T18:30:33Z",0.199977373347312,0.199977373347312
"2018-07-20T19:35:19Z",0.167919931818353,0.167919931818353
"2018-07-20T19:36:34Z",0.170973021487778,0.170973021487778
"2018-07-20T19:36:42Z",0.177079200826627,0.177079200826627
"2018-07-25T17:53:19Z",0.198450828512599,0.198450828512599
"00ChoF3C0hhhoC3ooif0i0ioE",0.3846892983475,0.3846892983475
"2018-07-02T19:41:33Z",0.17249956632249,0.17249956632249
"2018-07-22T09:29:54Z",0.21218973202501,0.21218973202501
"00CiBB03k77nhAEFikkoFBDhB",0.668626637603988,0.668626637603988
"2018-07-03T20:20:02Z",0.210663187190298,0.210663187190298
"2018-07-05T16:19:33Z",0.155707573140655,0.155707573140655
"2018-07-25T12:47:20Z",0.163340297314216,0.163340297314216
"2018-07-25T12:47:53Z",0.138915579958819,0.138915579958819
"00CiDBBAEFBAoB3okChDDn7nE",0.315994780785447,0.315994780785447
"2018-07-19T18:01:53Z",0.141968669628244,0.141968669628244
"2018-07-19T18:03:09Z",0.174026111157202,0.174026111157202
"00Cin9C9ACAEDA77BfFhEFFFn",0.198450828512599,0.198450828512599
"2018-07-13T10:18:54Z",0.198450828512599,0.198450828512599
"00CkCf3noAFi9fo0D7kFiBDFn",0.824334210744643,0.824334210744643
"2018-07-02T10:08:11Z",0.204557007851448,0.204557007851448
"2018-07-08T17:50:05Z",0.199977373347312,0.199977373347312
"2018-07-13T12:44:01Z",0.215242821694435,0.215242821694435
"2018-07-14T11:44:30Z",0.204557007851448,0.204557007851448
"00CkD7AoF3n3niEFEECkhDCC9",0.204557007851448,0.204557007851448
"2018-07-14T10:14:41Z",0.204557007851448,0.204557007851448
"00CkDf79F3kBF703BACAi9Dni",0.219822456198572,0.219822456198572
"2018-07-18T14:04:34Z",0.219822456198572,0.219822456198572
"00CkECiDokCEfFhBh7iChk7F3",2.65313492272998,2.65313492272998
"2018-07-04T13:19:51Z",0.195397738843175,0.195397738843175
"2018-07-04T13:19:56Z",0.201503918182024,0.201503918182024
"2018-07-11T09:21:03Z",0.151127938636518,0.151127938636518
"2018-07-11T09:21:11Z",0.239667539049831,0.239667539049831
"2018-07-11T11:36:17Z",0.169446476653066,0.169446476653066
"2018-07-11T12:01:18Z",0.224402090702708,0.224402090702708
"2018-07-13T08:04:28Z",0.224402090702708,0.224402090702708
"2018-07-13T08:06:28Z",0.225928635537421,0.225928635537421
"2018-07-13T08:07:51Z",0.166393386983641,0.166393386983641
"2018-07-13T13:05:59Z",0.201503918182024,0.201503918182024
"2018-07-22T13:03:59Z",0.296149697934187,0.296149697934187
"2018-07-29T12:20:39Z",0.174026111157202,0.174026111157202
"2018-07-29T12:21:30Z",0.183185380165476,0.183185380165476
"00CkFD3f0oAC3A3hEA7k339k9",1.49448739318334,1.49448739318334
"2018-07-02T09:38:37Z",0.143495214462956,0.143495214462956
"2018-07-02T09:42:40Z",0.306835511777173,0.306835511777173
"2018-07-06T10:03:06Z",0.218295911363859,0.218295911363859
"2018-07-07T22:17:58Z",0.19234464917375,0.19234464917375
"2018-07-09T20:06:03Z",0.189291559504325,0.189291559504325
"2018-07-10T10:46:38Z",0.27172498057879,0.27172498057879
"2018-07-23T13:38:48Z",0.17249956632249,0.17249956632249
"00Ckfo7C0ok3B3A7nE0F0i0o3",0.189291559504325,0.189291559504325
"2018-07-22T18:09:27Z",0.189291559504325,0.189291559504325
"00Cn0FD0ff00oEDkABA99n9oo",0.177079200826627,0.177079200826627
"2018-07-12T09:16:58Z",0.177079200826627,0.177079200826627
"00Cn9nC9E3D0FhAD0oDCCk90k",0.601458664876647,0.601458664876647
"2018-07-11T07:39:35Z",0.227455180372133,0.227455180372133
"2018-07-12T11:31:08Z",0.151127938636518,0.151127938636518
"2018-07-15T16:28:23Z",0.222875545867996,0.222875545867996
"00CnBfh0EFnfFAn3nFhkDFAB7",0.685418630785824,0.685418630785824
"2018-07-28T21:19:03Z",0.161813752479504,0.161813752479504
"2018-07-28T21:34:56Z",0.283937339256488,0.283937339256488
"2018-07-28T21:39:22Z",0.239667539049831,0.239667539049831
"00CnF0k33hfCnh90FFCCCfkno",0.201503918182024,0.201503918182024
"2018-07-09T00:40:47Z",0.201503918182024,0.201503918182024
"00CnhBEkBF0EBi7EfBB9n09n0",0.209136642355585,0.209136642355585
"2018-07-06T23:02:56Z",0.209136642355585,0.209136642355585
"00Cno7FACE7EkiADBnDC30EBB",0.19234464917375,0.19234464917375
"2018-07-11T10:52:02Z",0.19234464917375,0.19234464917375
"00Co73E37ki3BDDE9ABoiBhhD",0.21218973202501,0.21218973202501
"2018-07-29T10:29:33Z",0.21218973202501,0.21218973202501
